Date,Time Frame,Estuary,Zone,Dissolved oxygen (% saturation),Salinity (psu),pH,Chlorophyll-a (ug/L),"Blue green algae (BGA, ug/L)",Turbidity (NTU),fDOM (RFU),Dissolved nitrogen (ug/L),Total nitrogen (ug/L),Dissolved phosphorus (ug/L),Total phosphorus (ug/L),"Nitrogen oxides (NOx, ug/L)","Ammonia (NH3, ug/L)","Phosphate (PO4 3-, ug/L"
31/10/2017,Pre-fire,Lake Conjola,1,102.1,33,7.97,2.63,5.56,1,3,208.4,326.5,12.34,22.6,1,3,0
31/10/2017,Pre-fire,Lake Conjola,2,104.4,34,8.05,1.5,2.32,0,2,,,,,,,
23/11/2017,Pre-fire,Lake Conjola,1,96.9,33,7.92,2.5,6.15,1,3,,,,,,,
23/11/2017,Pre-fire,Lake Conjola,2,98.1,34,8,1.06,2.39,1,2,,,,,,,
19/12/2017,Pre-fire,Lake Conjola,1,100.3,34,7.8,2.61,3.56,1,4,225.7,287.7,-1.97426,6.388,0.03515,0.2326,0.6248
19/12/2017,Pre-fire,Lake Conjola,2,108.5,34,7.91,1.58,1.73,0,2,,,,,,,
24/01/2018,Pre-fire,Lake Conjola,1,98.5,34,7.88,3.52,4.85,1,3,,,,,,,
24/01/2018,Pre-fire,Lake Conjola,2,99.6,34,7.91,2.79,3.73,0,3,,,,,,,
20/02/2018,Pre-fire,Lake Conjola,2,96.2,35,7.99,9.59,11.55,0,3,,,,,,,
20/02/2018,Pre-fire,Lake Conjola,1,102.6,35,8.01,11.29,11.52,1,3,226.2,155.2,7.96,18.49,0.5178,3.107,1.594
9/03/2018,Pre-fire,Lake Conjola,2,105.5,33,8.01,1.54,1.68,0,3,,,,,,,
9/03/2018,Pre-fire,Lake Conjola,1,106.1,32,7.99,2.57,2.88,1,5,,,,,,,
17/02/2020,Post-fire,Lake Conjola,1,92.5,1,6.61,8.48,17.43,4,34,1200,1200,9,37,420,350,4
17/02/2020,Post-fire,Lake Conjola,2,88.4,5,7.26,29.54,30.92,3,34,,,,,,,
20/01/2020,Post-fire,Lake Conjola,1,81.4,33,7.79,4.57,11.35,1,7,340,410,8,17,19,30,0.5
20/01/2020,Post-fire,Lake Conjola,2,96.3,34,7.79,4.96,12.54,1,7,,,,,,,
2/03/2020,Post-fire,Lake Conjola,1,122.1,26,8.09,5.09,11.08,2,11,280,540,7,27,1,3,2
2/03/2020,Post-fire,Lake Conjola,2,111.1,27,8.1,3.94,8.53,2,9,,,,,,,
23/11/2021,Post-fire,Lake Conjola,1,107.1,28,8.08,7.21,11.81,1,6,200,280,4,14,2,6,1
23/11/2021,Post-fire,Lake Conjola,2,98.3,29,8.11,4.85,8.36,1,5,,,,,,,
12/01/2022,Post-fire,Lake Conjola,1,107.8,1,6.57,6.96,19.12,53,28,600,1000,21,89,120,54,14
12/01/2022,Post-fire,Lake Conjola,2,125.8,14,7.92,4.58,10.95,3,16,,,,,,,
10/02/2022,Post-fire,Lake Conjola,1,96.6,15,7.97,2.24,3.63,1,12,,,,,,,
10/02/2022,Post-fire,Lake Conjola,2,96.4,15,7.97,2.48,3.99,1,11,,,,,,,
1/02/2023,Post-fire,Lake Conjola,1,96.1,13,7.9948,3.650266667,6.932266667,8,16,,,,,,,
1/02/2023,Post-fire,Lake Conjola,2,97.6,16,8.2,3.1125,6.275,12,14,,,,,,,
10/12/2013,Pre-fire,Durras Lake,1,104,30,7.97,2.86,0.31,10.72,5.94,,238,350,3.8,17.9,0.5411,3.639
10/12/2013,Pre-fire,Durras Lake,2,99,29,8.01,1.08,0.2,4.51,6.19,,,,,,,
13/01/2014,Pre-fire,Durras Lake,1,97,35,8.02,1.93,0.15,9.01,3.91,1.55,209,308,5.9,21.5,0.3663,1.25437
13/01/2014,Pre-fire,Durras Lake,2,97,35,8.02,1.79,0.31,6.14,2.89,1.55,,,,,,
11/02/2014,Pre-fire,Durras Lake,1,87,37,8.14,5.4,7.6,11.25,4.36,,242,431,6.6,34.4,0,0
11/02/2014,Pre-fire,Durras Lake,2,91,37,8.16,4.78,5.8,5.13,2.91,,,,,,,
3/03/2014,Pre-fire,Durras Lake,1,111,38,8.28,1.21,-0.42,4.64,3.39,,244,433,5.9,30.8,0.0851,0.181
3/03/2014,Pre-fire,Durras Lake,2,105,37,8.24,1.24,0.62,5.05,0.52,,,,,,,
24/03/2014,Pre-fire,Durras Lake,1,92,38,8.33,8.94,17.84,11.05,3.85,,277,512,13,44.1,0.06535,0.327
24/03/2014,Pre-fire,Durras Lake,2,92,38,8.31,8.29,18.21,10.54,2.86,,,,,,,
14/04/2014,Pre-fire,Durras Lake,1,105,26,8.25,2.82,5.6,3.93,16.01,,290,498,4.5,20.5,6.99,14.64
14/04/2014,Pre-fire,Durras Lake,2,102,27,8.29,2.41,4.25,3.63,14.28,,,,,,,
25/11/2014,Pre-fire,Durras Lake,1,83,32,8.4,2.08,2.26,8.21,4.07,,255,457,6.5,29.3,2.395,2.98212
25/11/2014,Pre-fire,Durras Lake,2,85,33,8.46,1.27,-0.17,5.68,3.19,,,,,,,
9/12/2014,Pre-fire,Durras Lake,1,83,32,8.51,5.22,8.09,13.72,4.58,,240,493,5.4,30.6,0,
9/12/2014,Pre-fire,Durras Lake,2,94,33,8.6,2.72,1.99,5.13,3.3,,,,,,,
5/01/2015,Pre-fire,Durras Lake,1,100,34,8.66,4.13,7,9.43,3.35,,263,485,7.1,29.4,0,2.114
5/01/2015,Pre-fire,Durras Lake,2,99,35,8.67,4.79,7.58,8.18,2.78,,,,,,,
27/01/2015,Pre-fire,Durras Lake,1,90,28,7.85,9.33,13.52,6.44,16.11,,290,514,5.8,26.6,0.3946,4.202
27/01/2015,Pre-fire,Durras Lake,2,94,30,7.93,7.15,8.71,4.54,10.96,,,,,,,
17/02/2015,Pre-fire,Durras Lake,1,99,32,8.31,1.38,-0.78,3.81,5.29,,264,404,6.2,23.2,2.358,3.9354
17/02/2015,Pre-fire,Durras Lake,2,103,32,8.32,1.27,-1.36,2.4,4.59,,,,,,,
10/03/2015,Pre-fire,Durras Lake,1,91,34,8.02,3.59,3.78,6.6,4.38,,247,398,5.4,24.4,0.03621,1.457
10/03/2015,Pre-fire,Durras Lake,2,92,35,8.06,3.26,2.71,4.85,0.12,,,,,,,
21/10/2015,Pre-fire,Durras Lake,1,107,35,8.03,3.43,9.23,4.01,3.91,,,,,,,
21/10/2015,Pre-fire,Durras Lake,2,107,35,8.07,2.94,8.55,3.14,2.89,,,,,,,
14/12/2015,Pre-fire,Durras Lake,1,104,35,8.04,2.18,-1.58,5.42,2.07,,170,295,4.5,20.1,0.43,0.22
14/12/2015,Pre-fire,Durras Lake,2,105,35,8.07,1.53,-2.64,3.98,1.01,,,,,,,
22/01/2016,Pre-fire,Durras Lake,1,99,30,8.06,2.56,0.25,3.92,6.59,,338.33,518.77,7.11,19.73,0.5,0.5
22/01/2016,Pre-fire,Durras Lake,2,94,30,8.07,1.87,-0.63,3.23,5.63,,,,,,,
11/02/2016,Pre-fire,Durras Lake,1,105,32,8.2,3.21,1.64,4.73,3.48,,309,585.55,4.99,17.8,0.5,0.5
11/02/2016,Pre-fire,Durras Lake,2,102,33,8.21,2.84,0.76,2.83,2.44,,,,,,,
16/03/2016,Pre-fire,Durras Lake,1,104,36,8.54,5.19,6.77,14.24,3.29,,355.61,692.24,7.17,28.95,0.5,0.5
16/03/2016,Pre-fire,Durras Lake,2,99,36,8.54,6.11,8.03,7.79,2.24,,,,,,,
13/04/2016,Pre-fire,Durras Lake,1,96,36,8.14,2.62,7.64,3.9,1.69,,302.34,309.93,6.23,8.4,0.5,6.72
13/04/2016,Pre-fire,Durras Lake,2,94,36,8.17,3.08,8.15,3.79,0.91,,,,,,,
22/11/2016,Pre-fire,Durras Lake,1,92,37,7.91,2.09,3.54,5.93,3.68,,145,249.7,2.862,11.92,2,1.7
22/11/2016,Pre-fire,Durras Lake,2,99,37,7.98,2.23,3.13,2.61,2.51,,,,,,,
20/12/2016,Pre-fire,Durras Lake,1,92,37,7.94,2.66,4.72,9.09,3.06,,,,,,,
20/12/2016,Pre-fire,Durras Lake,2,96,36,8.01,1.79,2.88,6.43,2.45,,,,,,,
18/01/2017,Pre-fire,Durras Lake,1,107,37,7.92,7.08,10.66,17.04,4.25,,158.8,371.1,0.5681,34.53,1.69,9.441
18/01/2017,Pre-fire,Durras Lake,2,106,36,7.95,5.3,6.62,9.98,2.15,,,,,,,
8/02/2017,Pre-fire,Durras Lake,1,91,36,7.99,3.11,7.93,4.44,3.88,,,,,,,
8/02/2017,Pre-fire,Durras Lake,2,87,35,7.96,3.39,8.97,5,3.56,,,,,,,
16/03/2017,Pre-fire,Durras Lake,1,94,33,7.9,6.86,8.83,3.79,6.55,,227.5,272,7.08,8.98,1.529,108.6
16/03/2017,Pre-fire,Durras Lake,2,96,33,7.92,7.06,9.71,2.84,5.5,,,,,,,
12/04/2017,Pre-fire,Durras Lake,1,96,27,7.92,3.06,5.45,3.17,17.21,,,,,,,
12/04/2017,Pre-fire,Durras Lake,2,93,27,7.93,3.35,6.05,2.87,16.41,,,,,,,
31/10/2017,Pre-fire,Durras Lake,1,91,38,7.99,4.04,7.98,9.73,3.74,,,,,,,
31/10/2017,Pre-fire,Durras Lake,2,91,37,8,4.3,8.28,8.74,3.21,,,,,,,
23/11/2017,Pre-fire,Durras Lake,1,96,36,8,1.92,9.5,7.85,5.05,,200,327.1,14.29,29.5,0,0
23/11/2017,Pre-fire,Durras Lake,2,95,36,8,2.06,7.27,6.95,3.67,,,,,,,
19/12/2017,Pre-fire,Durras Lake,1,97,35,7.86,5.09,6.76,7.71,4.85,,,,,,,
19/12/2017,Pre-fire,Durras Lake,2,98,35,7.9,3.96,5.27,3.23,3.03,,,,,,,
19/01/2018,Pre-fire,Durras Lake,1,98,35,7.98,1.53,2.26,6.13,4.27,,185.3,292,4.768,18.02,0.4687,1.021
19/01/2018,Pre-fire,Durras Lake,2,99,35,8,0.87,1.2,2.97,2.41,,,,,,,
22/02/2018,Pre-fire,Durras Lake,1,93,36,7.89,6.37,11.28,9.03,4.96,,,,,,,
22/02/2018,Pre-fire,Durras Lake,2,83,36,7.93,5.8,12.5,6.46,4.16,,,,,,,
8/03/2018,Pre-fire,Durras Lake,1,130,34,8.11,7.27,11.65,11.52,5.16,,222.9,666.3,8.381,29.69,-0.02532,3.694
8/03/2018,Pre-fire,Durras Lake,2,112,34,8.01,3.96,5.43,8.19,4.03,,,,,,,
13/11/2018,Pre-fire,Durras Lake,1,102,35,8.1,1.92,5,4.78,4.11,,,,,,,
13/11/2018,Pre-fire,Durras Lake,2,103,35,8.06,2.14,5.24,3.71,3.84,,,,,,,
3/12/2018,Pre-fire,Durras Lake,1,103,38,7.92,3.75,5.59,8.16,5.47,,296.6,344.2,5.4,15.1,0.4,10.7
3/12/2018,Pre-fire,Durras Lake,2,104,38,7.94,2.34,3.88,4.15,4.85,,,,,,,
8/01/2019,Pre-fire,Durras Lake,1,88,37,7.71,3.61,9.46,-,7.16,,,,,,,
8/01/2019,Pre-fire,Durras Lake,2,90,37,7.79,5.05,11,-,6.28,,,,,,,
30/01/2019,Pre-fire,Durras Lake,1,109,38,7.78,3.13,8.28,7.2,7.84,,386,536.8,6.5,19.8,5.4,20
30/01/2019,Pre-fire,Durras Lake,2,111,38,7.82,3.33,6.17,4.43,7.03,,,,,,,
20/03/2019,Pre-fire,Durras Lake,1,108,36,7.65,3.21,7.55,3.94,8.63,,496.1,577.5,8.3,17.1,30.4,155.8
20/03/2019,Pre-fire,Durras Lake,2,119,35,7.76,2.59,5.99,1.96,9.19,,,,,,,
18/11/2019,Pre-fire,Durras Lake,1,94,35,7.79,1.68,3.81,3.95,8.22,,370,410,7,16,1,3
18/11/2019,Pre-fire,Durras Lake,2,93,35,7.82,3.31,6.6,5.61,7.98,,,,,,,
18/12/2019,During fire,Durras Lake,1,,38,7.87,2.74,5.25,5.19,9.34,,410,450,8,20,1,3
18/12/2019,During fire,Durras Lake,2,,38,7.86,4.02,6.88,4.73,8.98,,,,,,,
20/01/2020,During fire,Durras Lake,1,93,39,7.81,5.51,13.06,6.83,10.33,,430,490,9,22,18,15
20/01/2020,During fire,Durras Lake,2,93,39,7.77,5.78,15.75,5.26,10.07,,,,,,,
19/02/2020,Post-fire,Durras Lake,1,88,14,7.41,20.18,35.51,2.63,42.54,,1400,1600,11,37,430,160
19/02/2020,Post-fire,Durras Lake,2,91,13,7.47,14.4,30.05,1.69,43.13,,,,,,,
4/03/2020,Post-fire,Durras Lake,1,101,20,8.01,16.68,36.84,3.37,37.15,,740,1200,10,36,26,8
4/03/2020,Post-fire,Durras Lake,2,97,20,7.99,15.26,33.65,3.23,35.12,,,,,,,
11/11/2020,Post-fire,Durras Lake,1,118,25,8.11,4.79,9.43,4.7,12.37,,303.7,602.2,7.7,19.5,20,4.3
11/11/2020,Post-fire,Durras Lake,2,122,25,8.16,5.81,10.58,2.03,12.25,,,,,,,
2/12/2020,Post-fire,Durras Lake,1,91,31,7.93,6.7,14.63,6.69,8.73,,,,,,,
2/12/2020,Post-fire,Durras Lake,2,94,32,7.98,3.83,7.89,3.81,7.57,,,,,,,
13/01/2021,Post-fire,Durras Lake,1,101,33,7.87,2.76,6.66,7.09,7.36,,407.9,1087.4,5.7,21.1,0.5,0.5
13/01/2021,Post-fire,Durras Lake,2,100,33,7.92,2.21,4.45,3.47,6.59,,,,,,,
3/02/2021,Post-fire,Durras Lake,1,112,26,7.82,4.22,9.08,5.9,19.75,,,,,,,
3/02/2021,Post-fire,Durras Lake,2,116,31,7.92,2.34,4.4,3.11,9.58,,,,,,,
23/02/2021,Post-fire,Durras Lake,1,95,31,7.85,6.99,16.21,11.04,9.65,,386,427.3,3.7,,0.5,1.3
23/02/2021,Post-fire,Durras Lake,2,98,31,7.88,5.94,13.01,6.9,9.05,,,,,,,
17/03/2021,Post-fire,Durras Lake,1,109,32,7.89,4.28,8.46,6.86,7.29,,,,,,,
17/03/2021,Post-fire,Durras Lake,2,104,32,7.86,3.75,8.37,7.23,6.9,,,,,,,
23/11/2021,Post-fire,Durras Lake,1,110,31,8.08,3.43,4.51,2.04,8.3,,240,300,2,,1,3
23/11/2021,Post-fire,Durras Lake,2,104,31,8.03,4.14,5.21,1.74,7.53,,,,,,,
9/12/2021,Post-fire,Durras Lake,1,96,22,7.77,5.28,8.74,2.07,23.48,,,,,,,
9/12/2021,Post-fire,Durras Lake,2,96,23,7.83,5.78,9.16,1.55,22.7,,,,,,,
12/01/2022,Post-fire,Durras Lake,1,99,23,8.08,5.03,8.77,8.18,13.13,,330,460,4,,1,3
12/01/2022,Post-fire,Durras Lake,2,100,24,8.08,4.74,7.36,3.76,12.84,,,,,,,
10/02/2022,Post-fire,Durras Lake,1,101,26,8.03,2.34,3.69,3.09,11.48,,,,,,,
10/02/2022,Post-fire,Durras Lake,2,99,27,8,2.1,3.02,2.02,10.56,,,,,,,
15/11/2022,Post-fire,Durras Lake,1,93,27,7.75,1.92,3.6,3.51,14.47,,,,,,,
15/11/2022,Post-fire,Durras Lake,2,95,27,7.82,1.83,3.01,2.58,13.55,,,,,,,
7/12/2022,Post-fire,Durras Lake,1,95,31,7.96,1.51,4.09,2.77,7.41,,,,,,,
7/12/2022,Post-fire,Durras Lake,2,95,32,7.96,1.39,3.19,2.14,6.45,,,,,,,
24/01/2023,Post-fire,Durras Lake,1,107,35,8.14,3.74,4.12,6.61,6.76,,,,,,,
24/01/2023,Post-fire,Durras Lake,2,105,35,8.11,3.29,3.27,4.85,5.19,,,,,,,
9/02/2023,Post-fire,Durras Lake,1,88,34,8.29,3.76,8.96,2.72,9.29,,,,,,,
9/02/2023,Post-fire,Durras Lake,2,89,33,8.32,3.16,7.44,2.03,8.06,,,,,,,
6/03/2023,Post-fire,Durras Lake,1,103,23,8.01,4.49,8.04,4.73,20.34,,,,,,,
6/03/2023,Post-fire,Durras Lake,2,98,21,7.96,4.6,8.06,4.57,24.46,,,,,,,
4/04/2023,Post-fire,Durras Lake,1,103,24,8.14,1.73,2.34,2.33,13.5,,,,,,,
4/04/2023,Post-fire,Durras Lake,2,103,24,8.15,1.63,2.12,1.99,13.19,,,,,,,
26/11/2013,Pre-fire,Khappinghat Creek,1,66.64,34.93,7.58,2.09,0.19,3.513352941,7.29,359,395,6.2,13.7,3.308,24.9,0.5755
26/11/2013,Pre-fire,Khappinghat Creek,2,77.98,35.17,7.78,1.32,0.13,4.156802326,6.22,,,,,,,
2/01/2014,Pre-fire,Khappinghat Creek,1,89.12,36.27,7.73,4.43,0.15,1.860862069,7.65,329,387,5.2,12.4,4.754,30.37,0.4448
2/01/2014,Pre-fire,Khappinghat Creek,2,95.44,36.61,7.85,5.13,0.27,3.048666667,7.19,,,,,,,
29/01/2014,Pre-fire,Khappinghat Creek,1,77.18,39.03,7.81,8.15,,3.462484848,7.3,348,399,5.3,11.7,3.853,36.2,0.6001
29/01/2014,Pre-fire,Khappinghat Creek,2,84.73,39.1,7.93,14.25,,2.696871166,6.64,,,,,,,
17/02/2014,Pre-fire,Khappinghat Creek,1,81.51,41.28,7.86,5.5,6.15,2.401195219,7.47,335,424,5,14.9,6.049,25.66,1.253
17/02/2014,Pre-fire,Khappinghat Creek,2,88.83,39.16,7.94,6.2,5.96,1.747857143,6.56,,,,,,,
10/03/2014,Pre-fire,Khappinghat Creek,1,76.04,5.3,6.99,5.87,4.63,1.456953642,29.51,877,977,10.9,26.9,80.63,184,3.432
10/03/2014,Pre-fire,Khappinghat Creek,2,88.11,8.33,7.33,6.12,6.38,0.626470588,27.17,,,,,,,
7/04/2014,Pre-fire,Khappinghat Creek,1,78.23,11.86,7.49,3.3,1.04,2.107228916,28.19,681,719,10.2,16.7,11.23,152,2.054
7/04/2014,Pre-fire,Khappinghat Creek,2,82.45,12.9,7.78,4.8,3.29,2.450621469,26.21,,,,,,,
17/11/2014,Pre-fire,Khappinghat Creek,1,85.99,14.37,ND,2.94,,1.956086957,,,,,,,,
17/11/2014,Pre-fire,Khappinghat Creek,2,90.61,14.89,ND,2.8,,2.265679012,,,,,,,,
16/12/2014,Pre-fire,Khappinghat Creek,1,81.85,14.43,7.38,2.15,-1.24,7.315872093,17.22,496,555,5.6,10.3,4.185,31.7,1.48
16/12/2014,Pre-fire,Khappinghat Creek,2,83.93,14.52,7.49,2.03,-1.4,4.095341615,15.97,,,,,,,
14/01/2015,Pre-fire,Khappinghat Creek,1,67.61,14.51,ND,2.67,,5.074293785,,,,,,,,
14/01/2015,Pre-fire,Khappinghat Creek,2,71.92,14.7,ND,2.92,,3.515055762,,,,,,,,
16/02/2015,Pre-fire,Khappinghat Creek,1,60.63,10.05,ND,4.42,,5.503772727,,779,855,9.2,16.1,10.84,71.8,1.603
16/02/2015,Pre-fire,Khappinghat Creek,2,62.6,11.3,ND,4.01,,5.457936508,,,,,,,,
17/03/2015,Pre-fire,Khappinghat Creek,1,88.65,32.7,9.43,3.42,-0.52,6.200790514,4.12,,,,,,,
17/03/2015,Pre-fire,Khappinghat Creek,2,91.81,34.73,9.49,1.38,-3.95,4.873311258,0.13,,,,,,,
15/04/2015,Pre-fire,Khappinghat Creek,1,85.5,32.88,8.27,1.9,-0.23,5.144527027,3.82,156,190,3.9,9.3,3.311,18.6,0.4742
15/04/2015,Pre-fire,Khappinghat Creek,2,96.26,35.51,8.4,1.21,-1.64,2.913571429,-1.21,,,,,,,
24/10/2015,Pre-fire,Khappinghat Creek,1,91.75,25.1,7.77,1.41,5.54,3.917282609,14.05,,,,,,,
24/10/2015,Pre-fire,Khappinghat Creek,2,85.22,25.97,7.79,0.94,5.38,3.764221106,12.28,,,,,,,
19/12/2015,Pre-fire,Khappinghat Creek,1,92.84,19.48,7.69,2.08,4.96,2.272424242,24.76,423,489,5.9,12.4,1.51,19.38,1.51
19/12/2015,Pre-fire,Khappinghat Creek,2,94.06,20.24,7.81,1.41,5.67,3.066753247,22.25,,,,,,,
12/01/2016,Pre-fire,Khappinghat Creek,1,74.45,19.71,7.71,4.76,9.49,2.152673267,29.29,369.88,524.18,9.71,18.58,0.5,63.94,0.5
12/01/2016,Pre-fire,Khappinghat Creek,2,95.01,32.54,8.21,0.4,2.73,5.60879668,5.63,,,,,,,
10/02/2016,Pre-fire,Khappinghat Creek,1,81.38,26.4,8.03,2.54,6.95,4.364033149,20.86,368.99,477.04,5.82,15.08,1.01,22.32,1.01
10/02/2016,Pre-fire,Khappinghat Creek,2,96.2,28.44,8.23,0.98,3.76,3.6,13.08,,,,,,,
1/03/2016,Pre-fire,Khappinghat Creek,1,,,,,,5.149723757,,,,,,,,
1/03/2016,Pre-fire,Khappinghat Creek,2,,,,,,7.400082645,,,,,,,,
5/04/2016,Pre-fire,Khappinghat Creek,1,70.75,35.29,7.74,1.87,6.64,3.780965909,5.7,356.56,460.72,7.4,20.2,0.5,44.4,0.5
5/04/2016,Pre-fire,Khappinghat Creek,2,82.04,35.74,8.11,1.28,2.97,3.767071823,0.21,,,,,,,
7/11/2016,Pre-fire,Khappinghat Creek,1,88.72,36.37,7.65,1.06,2.53,3.623259669,5.33,200,253.7,3.175,8.509,3.5,9,3.2
7/11/2016,Pre-fire,Khappinghat Creek,2,90,36.65,7.74,1.45,4.2,5.156578073,5.04,,,,,,,
12/12/2016,Pre-fire,Khappinghat Creek,1,98.74,39.34,7.72,2.78,4.42,3.540331492,7.63,,,,,,,
12/12/2016,Pre-fire,Khappinghat Creek,2,88.41,39,7.68,1.77,4.67,2.842321429,7.22,,,,,,,
10/01/2017,Pre-fire,Khappinghat Creek,1,76.4,40.21,7.65,1.95,4.68,5.660248963,8.47,290.6,445.2,2.512,18.48,1.273,11.86,3.636
10/01/2017,Pre-fire,Khappinghat Creek,2,75.3,40.05,7.66,1.23,5.01,2.500490798,8.06,,,,,,,
31/01/2017,Pre-fire,Khappinghat Creek,1,97.85,41.11,7.68,2.35,4.62,2.583697183,8.57,,,,,,,
31/01/2017,Pre-fire,Khappinghat Creek,2,85.58,40.91,7.56,0.86,3.08,13.52715328,7.94,,,,,,,
20/02/2017,Pre-fire,Khappinghat Creek,1,103.95,42.26,7.79,6.22,9.08,2.986432749,9.59,363.5,500.7,6.292,26.11,1.09,350.9,2.389
20/02/2017,Pre-fire,Khappinghat Creek,2,89.5,42.16,7.59,6.52,8.08,2.885842697,9.05,,,,,,,
28/03/2017,Pre-fire,Khappinghat Creek,1,31.01,17.67,7.31,5.15,10.44,1.981152263,32.89,,,,,,,
28/03/2017,Pre-fire,Khappinghat Creek,2,53,30.77,7.77,1.87,2.99,3.228802395,14.44,,,,,,,
7/11/2017,Pre-fire,Khappinghat Creek,1,83.27,31.6,7.62,1.06,2.43,3.122631579,10.4,237.4,331.8,10.57,24.35,7,10,1
7/11/2017,Pre-fire,Khappinghat Creek,2,83.26,32.26,7.66,1.01,2.9,1.229026549,9.31,,,,,,,
4/12/2017,Pre-fire,Khappinghat Creek,1,91.67,32.37,7.51,3.2,5.72,2.563225806,11.12,,,,,,,
4/12/2017,Pre-fire,Khappinghat Creek,2,83.71,32.59,7.51,1.05,3.75,2.392727273,9.62,,,,,,,
9/01/2018,Pre-fire,Khappinghat Creek,1,93.52,33.36,7.57,2.37,3.39,2.907245509,11.2,329.6,437.9,2.621,6.384,0.354,0.4467,1.246
9/01/2018,Pre-fire,Khappinghat Creek,2,93.48,33.36,7.57,2.36,3.39,2.836,11.19,,,,,,,
6/02/2018,Pre-fire,Khappinghat Creek,1,83.04,34.4,7.52,1,2.28,2.263574468,11.59,,,,,,,
6/02/2018,Pre-fire,Khappinghat Creek,2,86.7,34.45,7.61,0.82,2.35,2.430564784,9.44,,,,,,,
27/02/2018,Pre-fire,Khappinghat Creek,1,86.93,34.64,7.63,1.65,3.82,1.290938511,12.5,360.5,1199,6.729,15.97,3.494,8.345,1.984
27/02/2018,Pre-fire,Khappinghat Creek,2,85.23,34.66,7.63,0.87,3.54,4.44316129,10.52,,,,,,,
12/04/2018,Pre-fire,Khappinghat Creek,2,75.31,27.16,7.73,1.79,2.87,1.977740113,14.22,,,,,,,
12/04/2018,Pre-fire,Khappinghat Creek,1,73.99,26.62,7.67,2.14,3.55,2.283653846,15.7,,,,,,,
1/11/2018,Pre-fire,Khappinghat Creek,1,71.45,12.13,6.98,4.41,7.79,2.4659375,38.49,,,,,,,
1/11/2018,Pre-fire,Khappinghat Creek,2,70.2,13.4,6.75,4.11,6.97,3.300229885,38.83,,,,,,,
28/11/2018,Pre-fire,Khappinghat Creek,1,92.74,32.72,7.38,2.07,4.23,3.29,10.07,283.9,385.9,3.5,11.3,0.8,8.8,0.9
28/11/2018,Pre-fire,Khappinghat Creek,2,92.81,34.16,7.44,0.63,1.89,1.989385475,6.57,,,,,,,
12/12/2018,Pre-fire,Khappinghat Creek,1,83.3,34.35,7.73,1.3,,2.761134752,,,,,,,,
12/12/2018,Pre-fire,Khappinghat Creek,2,91,34.51,7.81,1,,5.196880342,,,,,,,,
21/01/2019,Pre-fire,Khappinghat Creek,1,77.37,38.55,7.74,4.48,11.99,2.460390625,11.15,348.5,427.7,6.3,57,1.2,5.7,3.6
21/01/2019,Pre-fire,Khappinghat Creek,2,89.68,38.75,7.83,2.65,9.67,3.566061776,9.39,,,,,,,
12/02/2019,Pre-fire,Khappinghat Creek,1,106.05,39,7.79,3.52,6.29,3.328413793,10.39,,,,,,,
12/02/2019,Pre-fire,Khappinghat Creek,2,108.32,39.24,7.84,2.11,5.46,2.833397436,9.44,,,,,,,
7/03/2019,Pre-fire,Khappinghat Creek,1,84.62,40.32,7.78,1.95,8.01,2.36733945,10.39,323.1,406.6,9,18.4,1.9,4.4,0.9
7/03/2019,Pre-fire,Khappinghat Creek,2,93.16,40.32,7.86,1.32,8.82,2.249878049,9.39,,,,,,,
4/11/2019,Pre-fire,Khappinghat Creek,1,90.48,43.65,7.63,2.12,3.97,3.745643564,8.74,410,450,#VALUE!,10,9,120,1
4/11/2019,Pre-fire,Khappinghat Creek,2,95.88,43.54,7.7,2.06,4.55,1.5188,8.2,,,,,,,
10/12/2019,During fire,Khappinghat Creek,1,96.52,48.66,7.62,2.64,4.74,2.229605263,10.06,,,,,,,
8/01/2020,Post-fire,Khappinghat Creek,1,111.7,53.78,7.83,11.37,19.09,1.349868421,11.31,440,730,7,48,1,19,1
8/01/2020,Post-fire,Khappinghat Creek,2,104.41,53.17,7.78,4.86,11.26,5.876132597,10.81,,,,,,,
29/01/2020,Post-fire,Khappinghat Creek,1,136.16,51.67,7.94,10.18,13.99,2.597016575,11.6,450,610,11,36,1,26,0.5
29/01/2020,Post-fire,Khappinghat Creek,2,111.18,51.65,7.85,7.21,11.93,2.3,11.54,,,,,,,
25/02/2020,Post-fire,Khappinghat Creek,1,128.99,22.74,8.05,8.09,16.84,6.838842975,28.83,450,580,8,20,96,61,2
25/02/2020,Post-fire,Khappinghat Creek,2,115.49,25.42,8.01,5.75,12.82,6.239586777,23.5,,,,,,,
11/03/2020,Post-fire,Khappinghat Creek,1,93.98,10.8,7.32,7.83,17.05,4.566363636,34.54,1300,1500,7,29,870,55,2
11/03/2020,Post-fire,Khappinghat Creek,2,89.51,28.3,7.79,3.56,14.37,3.669173554,15.48,,,,,,,
3/11/2020,Post-fire,Khappinghat Creek,1,85.97,25.45,7.83,3.58,8.78,6.947593361,10.67,288.1,495.4,2.4,14.6,0.5,1.5,0.5
3/11/2020,Post-fire,Khappinghat Creek,2,84.47,25.55,7.82,1.13,4.07,7.613485477,10,,,,,,,
26/11/2020,Post-fire,Khappinghat Creek,1,87.42,26.02,7.81,2.27,6.19,3.107237569,10.64,,,,,,,
26/11/2020,Post-fire,Khappinghat Creek,2,80.03,26.22,7.76,1.01,4.86,3.461933702,10.04,,,,,,,
6/01/2021,Post-fire,Khappinghat Creek,1,107.69,1.15,7.21,30.83,63.59,2.143483146,44.99,860.3,867.4,30.2,34.5,110,145,3.3
6/01/2021,Post-fire,Khappinghat Creek,2,105.68,2,7.43,20.97,41.52,2.509144737,44.77,,,,,,,
28/01/2021,Post-fire,Khappinghat Creek,1,97.17,15.14,7.56,4.13,8.07,12.59274131,26.28,,,,,,,
28/01/2021,Post-fire,Khappinghat Creek,2,94.02,17.44,7.65,3.18,7,2.578270677,25.17,,,,,,,
17/02/2021,Post-fire,Khappinghat Creek,1,111.47,14.66,7.73,3.03,5.62,3.487717391,24.19,369.8,453.5,2.9,9.9,0.5,0.5,0.5
17/02/2021,Post-fire,Khappinghat Creek,2,105.93,14.74,7.74,2.74,5.79,1.781478261,24.14,,,,,,,
28/04/2021,Post-fire,Khappinghat Creek,1,87.61,31.47,8.03,1.61,4.31,,6.48,,,,,,,
28/04/2021,Post-fire,Khappinghat Creek,2,99.96,34.83,8.2,1.35,2.94,,1.28,,,,,,,
10/11/2021,Post-fire,Khappinghat Creek,1,81.87,33.63,7.54,1.94,4.78,,7.29,220,280,2,6,7,8,1
10/11/2021,Post-fire,Khappinghat Creek,2,87.68,34.02,7.68,2.05,5.73,,7.36,,,,,,,
15/12/2021,Post-fire,Khappinghat Creek,1,79.76,12.23,7.49,4.88,8.89,,28.77,,,,,,,
15/12/2021,Post-fire,Khappinghat Creek,2,87.37,12.27,7.7,3.19,6.34,,27.44,,,,,,,
19/01/2022,Post-fire,Khappinghat Creek,1,78.1,17.82,7.77,4.55,,,,350,420,2,10,5,21,2
19/01/2022,Post-fire,Khappinghat Creek,2,80.2,18.77,7.81,3.46,,,,,,,,,,
8/02/2022,Post-fire,Khappinghat Creek,1,80.96,5.56,7.01,7.47,13.38,,,,,,,,,
8/02/2022,Post-fire,Khappinghat Creek,2,92.93,12.44,7.62,6.99,13.4,,,,,,,,,
12/04/2022,Post-fire,Khappinghat Creek,1,68.77,24.81,7.88,,,,16.03,300,360,6,15,67,41,5
12/04/2022,Post-fire,Khappinghat Creek,2,82.89,25.06,8.01,,,,15.37,,,,,,,
9/11/2022,Post-fire,Khappinghat Creek,1,93.33,31.33,7.77,1.54,1.83,,5.16,,,,,,,
9/11/2022,Post-fire,Khappinghat Creek,2,94.28,33.15,7.95,0.81,0.68,,3.21,,,,,,,
1/12/2022,Post-fire,Khappinghat Creek,1,78.84,34.19,7.4,2.41,4.55,,5.38,,,,,,,
1/12/2022,Post-fire,Khappinghat Creek,2,85.37,35.02,7.68,3.33,7.18,,3.49,,,,,,,
19/01/2023,Post-fire,Khappinghat Creek,1,77.13,35.53,7.86,1.69,4.08,,5.9,,,,,,,
19/01/2023,Post-fire,Khappinghat Creek,2,84.73,35.66,8.12,1.85,3.21,,2.62,,,,,,,
2/02/2023,Post-fire,Khappinghat Creek,1,82.93,35.36,7.86,1.69,3.59,,4.56,,,,,,,
2/02/2023,Post-fire,Khappinghat Creek,2,88.59,35.51,8.06,1.71,1.89,,1.75,,,,,,,
2/03/2023,Post-fire,Khappinghat Creek,1,75.81,32.24,7.77,2.06,3.52,,6.49,,,,,,,
2/03/2023,Post-fire,Khappinghat Creek,2,81.8,33.5,7.95,1.71,3.36,,4.59,,,,,,,
23/03/2023,Post-fire,Khappinghat Creek,1,77.9,22.09,7.74,3.04,5.46,,16.96,,,,,,,
23/03/2023,Post-fire,Khappinghat Creek,2,92.07,29.2,8.04,2.69,4.46,,8.35,,,,,,,
11/12/2013,Pre-fire,Meroo Lake,1,94.10729614,5.96,7.8,0.94,0.03,0.55,17.95,686,,7.6,10.8,1.487,9.1,0.5841
11/12/2013,Pre-fire,Meroo Lake,2,125.0555556,6,6.8,0.6,,0.3,16.4,,0.02319,,,,,
14/01/2014,Pre-fire,Meroo Lake,1,81.84135021,7.11,8.55,0.41,-0.01,-0.14,13.02,647,,5.5,7.7,0.2301,4.7,0.4526
14/01/2014,Pre-fire,Meroo Lake,2,92.85672823,7.05,8.09,0.44,-0.01,-0.07,12.45,,1.14,,,,,
12/02/2014,Pre-fire,Meroo Lake,1,92.24680851,8.54,8.78,0.65,-2.3,-1.3,10.5,633,,3.7,6.1,0.4763,4.8,0.01793
12/02/2014,Pre-fire,Meroo Lake,2,60.47699115,8.5,8.7,0.68,-2.28,-1.33,10.64,,1.5329,,,,,
4/03/2014,Pre-fire,Meroo Lake,1,163.5885246,8.9,9.24,0.51,-2.42,0.04,9.93,643,,3.6,5.2,0.2895,5.4,0.1072
4/03/2014,Pre-fire,Meroo Lake,2,159.1880952,8.86,9.2,0.49,-2.58,0.03,9.9,,946,,,,,
25/03/2014,Pre-fire,Meroo Lake,1,149.2538462,,,,,,,,,,,,,
25/03/2014,Pre-fire,Meroo Lake,2,123.0142857,,,,,,,,135.2,,,,,
15/04/2014,Pre-fire,Meroo Lake,1,139.5821918,2.61,7,4.85,2,6.84,33.48,1199,,11.9,21.2,12,459,2.928
15/04/2014,Pre-fire,Meroo Lake,2,132.2426829,2.62,6.9,4.87,1.94,6.7,33.56,,922.7,,,,,
26/11/2014,Pre-fire,Meroo Lake,1,90.46132597,33.25,8.93,1.43,-1.24,0.81,15.02,578,2.4,12.2,19,0.4559,9.701,1.589
26/11/2014,Pre-fire,Meroo Lake,2,63.30950413,32.35,8.75,2.63,,1.31,0,634,2.3,11.4,27.2,1.806,22.25,2.43
9/12/2014,Pre-fire,Meroo Lake,1,81.53887043,24.74,8.95,5.89,6.03,3.49,19.58,748,2.1,11.8,33.1,2.278,39,1.434
9/12/2014,Pre-fire,Meroo Lake,2,82.62426036,24.36,8.97,5.61,5.47,3.77,19.49,,1361.443458,,,,,
6/01/2015,Pre-fire,Meroo Lake,1,79.47073171,18.26,9.34,0.85,-2.02,0.68,10.37,622,,6.8,15.4,0.6971,9.045,0.7517
6/01/2015,Pre-fire,Meroo Lake,2,64.35842105,18.22,9.02,1.53,-0.65,2.17,11.9,,1086.880017,,,,,
28/01/2015,Pre-fire,Meroo Lake,1,96.35846154,13.9,7.98,2.28,0.34,0.93,16.1,587,,4.1,12.1,0.6206,9.238,0.7595
28/01/2015,Pre-fire,Meroo Lake,2,39.06686047,13.94,7.77,2.2,0.27,1.1,16.49,,1105.785999,,,,,
17/02/2015,Pre-fire,Meroo Lake,1,80.84842767,14.57,8.97,0.99,-1.77,1.83,12.18,588,,5.2,13.8,2.545,13.25,1.062
17/02/2015,Pre-fire,Meroo Lake,2,110.7719512,14.98,8.31,0.85,-2.18,0.56,12.13,,717,,,,,
10/03/2015,Pre-fire,Meroo Lake,1,116.0089005,15.65,8.02,2.08,-0.77,2.03,11.43,590,630,5.4,11.9,0.4001,24.2,0.1611
10/03/2015,Pre-fire,Meroo Lake,2,98.34297872,15.52,8,7.09,6.06,1.05,12.63,,656,,,,,
20/10/2015,Pre-fire,Meroo Lake,1,125.0921212,26.49,8.11,2.85,6.19,1.5,25.43,,657,,,,,
15/12/2015,Pre-fire,Meroo Lake,2,52.7508982,21.58,8.17,2.8,1.11,1.79,19.15,1216,1240,6.8,21.8,0.91,412,0.91
21/01/2016,Pre-fire,Meroo Lake,1,107.572093,15.63,8.76,16.44,15.26,2.49,22.05,942.67,624,18.25,31.22,4.08,9.45,4.08
11/02/2016,Pre-fire,Meroo Lake,2,101.5333333,10.76,7.59,3.1,0.77,0.7,31.43,1071.53,931,6.86,10.86,0.5,102.33,0.5
16/03/2016,Pre-fire,Meroo Lake,1,122.2381503,12.24,7.97,3.72,3.28,2.45,31.99,1383.87,690,5.81,8.92,0.5,239.05,0.5
13/04/2016,Pre-fire,Meroo Lake,2,89.83491124,13.22,7.62,2.8,6.74,1.85,47.12,1512.41,631,6.54,7.6,0.5,370.56,0.5
21/11/2016,Pre-fire,Meroo Lake,1,127.8730061,38.82,7.57,1.96,2.84,2.52,14.87,,654,,,,,
21/11/2016,Pre-fire,Meroo Lake,2,93.49197531,38.67,7.63,1.94,2.7,2.09,14.63,,653,,,,,
19/12/2016,Pre-fire,Meroo Lake,1,138.03,40.68,7.88,6.77,12.13,3.29,19.35,419.6,,5.744,23.19,10,106.7,1
19/12/2016,Pre-fire,Meroo Lake,2,115.36,40.69,7.89,6.35,11.34,3.4,19.63,,295,,,,,
19/01/2017,Pre-fire,Meroo Lake,1,148.82,44.24,7.76,4.33,7.76,7.34,27.04,,,,,,,
19/01/2017,Pre-fire,Meroo Lake,2,89.56,43.92,7.78,4.15,7.67,6.75,26.63,,,,,,,
8/02/2017,Pre-fire,Meroo Lake,1,77.34,38.74,7.92,7.67,13.95,5.14,30.02,810,,5.645,35.52,15.31,212.4,3.146
8/02/2017,Pre-fire,Meroo Lake,2,79.87,39.16,7.91,6.65,12.21,4.24,29.37,,,,,,,
16/03/2017,Pre-fire,Meroo Lake,1,98.66192469,14.91,7.78,4.76,10,3.64,34.94,,,,,,,
16/03/2017,Pre-fire,Meroo Lake,2,129.479918,16.34,7.64,5.4,11.56,11.32,35.29,,,,,,,
11/04/2017,Pre-fire,Meroo Lake,1,91.18571429,5.86,6.82,8.87,12.24,11.94,54.94,1450.9,,15.16,27.64,22.72,602,2.548
11/04/2017,Pre-fire,Meroo Lake,2,94.15468165,5.89,6.87,9.36,12.43,9.37,56.21,,,,,,,
23/11/2017,Pre-fire,Meroo Lake,1,83.45157895,6.77,9.52,3.02,4.21,0.04,52.07,,,,,,,
23/11/2017,Pre-fire,Meroo Lake,2,60.25874126,6.77,9.39,3.1,4.08,0.07,45.05,,,,,,,
14/12/2017,Pre-fire,Meroo Lake,1,177.0072727,6.67,9.3,3.63,5.05,-0.02,50.49,,,,,,,
14/12/2017,Pre-fire,Meroo Lake,2,160.9056604,6.67,9.26,3.86,5.7,-0.05,50.34,940.5,,4.288,7.402,0.5785,7.997,1.223
18/01/2018,Pre-fire,Meroo Lake,1,146.605,7.22,9.57,2.79,3.46,-0.07,45.38,,,,,,,
18/01/2018,Pre-fire,Meroo Lake,2,122.015942,7.21,9.57,2.76,3.75,0.05,44.29,,,,,,,
20/02/2018,Pre-fire,Meroo Lake,1,143.53,7.77,9.16,3.65,10.63,0.33,46.92,,,,,,,
20/02/2018,Pre-fire,Meroo Lake,2,141.1416667,7.74,9.13,3.33,5.03,-0.15,47.05,934,,6.702,40.24,0.478,7.32,1.892
8/03/2018,Pre-fire,Meroo Lake,1,113.1410788,6.37,8.71,4.01,5.89,-0.06,51.19,,,,,,,
8/03/2018,Pre-fire,Meroo Lake,2,59.36970954,6.37,8.66,4.03,5.44,-0.08,50.98,,,,,,,
31/10/2018,Pre-fire,Meroo Lake,1,78.01712707,6.77,9.01,3.77,5.18,0.45,59,,,,,,,
31/10/2018,Pre-fire,Meroo Lake,2,116.9300546,6.77,8.87,3.47,4.92,0.41,58.1,904.5,,7.8,11.8,5.3,12.2,1.8
22/01/2020,During fire,Meroo Lake,1,83.52857143,12.67,7.97,4.76,7.99,2.74,53.02,2300,,9,23,2,610,3
22/01/2020,During fire,Meroo Lake,2,53.6691358,12.09,8.15,5.38,9.63,1.61,51.02,,,,,,,
17/02/2020,Post-fire,Meroo Lake,1,96.99152542,4.96,7.31,11.24,20.46,2.18,47.24,2200,,12,38,95,950,3
17/02/2020,Post-fire,Meroo Lake,2,30.12748092,4.97,7.26,8.4,16.75,1.53,47.71,,,,,,,
2/03/2020,Post-fire,Meroo Lake,1,80.0155102,5.38,7.69,8.64,14.62,1.02,53.42,2100,,13,22,9,860,3
2/03/2020,Post-fire,Meroo Lake,2,97.8,5.61,7.54,7.9,14.4,0.8,52.33,,,,,,,
11/11/2020,Post-fire,Meroo Lake,1,106.2790419,16.25,7.75,2.13,4,2.06,22.71,1081.8,,2,9.8,8.3,504,0.5
11/11/2020,Post-fire,Meroo Lake,2,99.58613445,16.83,8.32,2.32,4.12,1.19,25.27,,,,,,,
2/12/2020,Post-fire,Meroo Lake,1,126.9767442,18.63,7.9,17.96,33,2.55,22.11,,,,,,,
2/12/2020,Post-fire,Meroo Lake,2,53.19534884,18.6,8.33,2,3.96,0.5,21.49,,,,,,,
13/01/2021,Post-fire,Meroo Lake,1,91.7,19.12,7.4,1.76,3.38,1.1,20.44,698,731,1.8,6.2,2.9,563,0.5
13/01/2021,Post-fire,Meroo Lake,2,107.908,18.95,7.49,1.98,4.02,1.62,20.12,,,,,,,
3/02/2021,Post-fire,Meroo Lake,1,90.03780488,14.72,7.49,2.87,5.62,3.07,25.4,,,,,,,
3/02/2021,Post-fire,Meroo Lake,2,84.33216374,15.53,7.56,2.86,5.77,2.57,24.15,,,,,,,
23/02/2021,Post-fire,Meroo Lake,1,91.72292994,14.77,7.07,3.56,7.44,2.45,26.09,1025.8,,2.2,10.7,0.5,381,0.5
23/02/2021,Post-fire,Meroo Lake,2,87.92814371,15.29,7.06,3.23,7.2,2.38,26.05,,,,,,,
17/03/2021,Post-fire,Meroo Lake,1,,15.61,7.39,4.47,7.69,2.14,24.7,,,,,,,
17/03/2021,Post-fire,Meroo Lake,2,,15.82,7.45,4.15,7.76,1.39,25.86,,,,,,,
11/12/2013,Pre-fire,Termeil Lake,1,92,8.7,7.4,2.3,,2.2,23,1118,1170,7.7,15.3,34.34,419,0.6907
11/12/2013,Pre-fire,Termeil Lake,2,100.83,8.67,7.52,2.58,0.15,2.54,22.57,,,,,,,
14/01/2014,Pre-fire,Termeil Lake,1,135.82,9.94,8.92,2.01,0.08,2.45,20.88,648,726,6.5,11.8,0.4736,4.9,0.295
14/01/2014,Pre-fire,Termeil Lake,2,122,9.9,8.9,2.5,,2.2,20.7,,,,,,,
12/02/2014,Pre-fire,Termeil Lake,1,80.36,11.36,8.78,3.35,1.96,1.04,18.68,707,806,6.6,16.7,3.184,35.6,0.8065
12/02/2014,Pre-fire,Termeil Lake,2,79.99,11.34,8.8,2.66,0.79,1.02,18.28,,,,,,,
4/03/2014,Pre-fire,Termeil Lake,1,127.01,11.73,9.13,1.37,-1.42,1.12,17.43,706,755,6.9,10.7,0.7956,21.7,0.539
4/03/2014,Pre-fire,Termeil Lake,2,115.25,11.7,9.01,1.49,-1.16,3.15,16.52,,,,,,,
25/03/2014,Pre-fire,Termeil Lake,1,,,,,,,,,,,,,,
25/03/2014,Pre-fire,Termeil Lake,2,,,,,,,,,,,,,,
15/04/2014,Pre-fire,Termeil Lake,1,57.06,4.17,7.26,12.85,18.45,3.34,33.83,1116,1277,11.2,28.9,5.994,385,2.064
15/04/2014,Pre-fire,Termeil Lake,2,54.4,4.19,7.24,12,17.09,3.47,33.55,,,,,,,
26/11/2014,Pre-fire,Termeil Lake,1,109.07,31.34,9.19,2.48,0.9,4.95,12.91,619,714,9.1,19.9,0,6.195,2.118
26/11/2014,Pre-fire,Termeil Lake,2,96.92,32.7,8.55,4.01,2.5,2.81,12.32,478,601,8.8,25.7,-0.01854,3.6352,1.73
9/12/2014,Pre-fire,Termeil Lake,1,98.77,18.69,8.66,4.06,3.64,5.53,21.35,629,739,7.5,19.4,0.6224,36.14,1.4
9/12/2014,Pre-fire,Termeil Lake,2,89.49,10.76,8.3,6.18,7.33,8.17,25.68,,,,,,,
6/01/2015,Pre-fire,Termeil Lake,1,103.67,14.72,8.79,3.33,2.41,3.52,19.82,644,754,6.6,19.1,1.313,17.56,1.219
6/01/2015,Pre-fire,Termeil Lake,2,122.86,14.26,9.04,2.21,-0.03,1.38,20.73,,,,,,,
28/01/2015,Pre-fire,Termeil Lake,1,46.26,33.24,7.53,4.71,6.13,17.24,6.06,246,657,9.2,45.2,1.873,26.38,1.707
28/01/2015,Pre-fire,Termeil Lake,2,75.83,32.76,7.7,4.4,4.97,10.21,8.56,,,,,,,
17/02/2015,Pre-fire,Termeil Lake,1,84.72,33.24,7.95,2.49,1.03,8.73,10.49,408,592,5.5,24,5.312,83.45,0.437
17/02/2015,Pre-fire,Termeil Lake,2,96.57,33.17,7.99,1.55,-0.8,4.6,10.88,,,,,,,
10/03/2015,Pre-fire,Termeil Lake,1,96.57,34.4,7.93,16.43,16.13,6.01,13.05,434,657,5.4,22.8,0.1231,2.462,0.9156
10/03/2015,Pre-fire,Termeil Lake,2,105.54,34.48,7.94,12.94,12.36,8.42,13.11,,,,,,,
20/10/2015,Pre-fire,Termeil Lake,1,199.13,28.51,8.94,42.63,36.81,12.22,20.12,,,,,,,
15/12/2015,Pre-fire,Termeil Lake,2,91.13,25.29,7.74,3.49,2.34,4.91,18.47,,,,,,,
21/01/2016,Pre-fire,Termeil Lake,1,107.64,20.03,7.93,3.44,2.08,5.93,20.72,1009.32,1208.58,10.64,16.41,2.36,208.36,2.36
11/02/2016,Pre-fire,Termeil Lake,2,77.04,10.58,7.41,6.14,7.32,3.89,33.88,1698.09,1807.56,12.03,21.74,2.53,502.38,2.53
16/03/2016,Pre-fire,Termeil Lake,1,72.64,12.26,7.84,5.58,6.41,4.07,35.38,1778.81,1920.7,11.18,12.31,2.8,576.78,2.8
13/04/2016,Pre-fire,Termeil Lake,2,106.49,13.02,8.06,3.79,7.74,1.89,50.73,1126.55,1241.12,8.34,9.33,0.5,112.64,0.5
21/11/2016,Pre-fire,Termeil Lake,1,106.63,30.84,7.58,4.5,8.17,3.86,19.5,,,,,,,
21/11/2016,Pre-fire,Termeil Lake,2,111.73,30.76,7.69,5.01,9.22,2.92,19.68,,,,,,,
19/12/2016,Pre-fire,Termeil Lake,1,108.65,33.39,7.56,1.77,2.8,4.67,20.12,1713,1850,7.71,26.21,19.93,1415,2.893
19/12/2016,Pre-fire,Termeil Lake,2,101.04,33.66,7.5,2.01,3.4,10.13,20.82,,,,,,,
19/01/2017,Pre-fire,Termeil Lake,1,83.76,37.05,7.4,3.35,10.22,12.89,24.17,,,,,,,
19/01/2017,Pre-fire,Termeil Lake,2,76.23,37.22,7.31,2.67,6.19,13.86,24.16,,,,,,,
8/02/2017,Pre-fire,Termeil Lake,1,109.38,34.14,7.8,3.63,9.3,11.08,24.08,,,,,,,
8/02/2017,Pre-fire,Termeil Lake,2,92.69,28.46,7.64,4.17,9.23,10.08,25.93,,,,,,,
16/03/2017,Pre-fire,Termeil Lake,1,80.63,17.11,7.32,5.87,9.68,7.78,31.33,272.8,568.7,34.9,97.29,5,86.5,39.1
16/03/2017,Pre-fire,Termeil Lake,2,78.47,17.06,7.23,6.17,10.36,10.25,31,,,,,,,
11/04/2017,Pre-fire,Termeil Lake,1,119.93,21.5,7.79,9.78,20.14,40.46,32.16,,,,,,,
11/04/2017,Pre-fire,Termeil Lake,2,140.89,23.34,7.97,13.05,28.12,29.5,30.31,,,,,,,
31/10/2017,Pre-fire,Termeil Lake,1,133.41,30.84,9.07,1.97,2.76,0.46,17.39,,,,,,,
31/10/2017,Pre-fire,Termeil Lake,2,136.25,30.82,9.07,1.98,2.54,0.5,17.11,,,,,,,
23/11/2017,Pre-fire,Termeil Lake,1,154.92,30.62,8.91,1.45,2.32,0.82,17.41,,,,,,,
23/11/2017,Pre-fire,Termeil Lake,2,163.26,30.86,8.92,1.53,2.33,1.06,18.21,627.4,654.2,13.26,19.47,0,4,2
15/12/2017,Pre-fire,Termeil Lake,1,26.65,29.22,8.11,3.24,5.48,0.39,25.07,,,,,,,
15/12/2017,Pre-fire,Termeil Lake,2,26.87,29.39,8,3.65,6.27,1.28,26.86,,,,,,,
19/01/2018,Pre-fire,Termeil Lake,1,76.22,31.71,8.38,3.32,4.2,5.21,22.73,,,,,,,
19/01/2018,Pre-fire,Termeil Lake,2,29.4,31.92,7.89,2.81,4.26,8.6,23.37,868.7,897.4,7.134,19.29,1.479,15.01,2.495
21/02/2018,Pre-fire,Termeil Lake,1,49.07,30.84,7.54,4.72,6.41,4.44,24.37,,,,,,,
21/02/2018,Pre-fire,Termeil Lake,2,35.38,30.92,7.45,5.85,8.56,5.27,24.26,,,,,,,
9/03/2018,Pre-fire,Termeil Lake,1,55.64,21.42,7.41,5.28,8.48,4.51,34.21,790.8,596.4,11.04,31.68,12.16,108.2,3.059
9/03/2018,Pre-fire,Termeil Lake,2,54.14,21.43,7.37,5.65,9.12,4.62,34.15,,,,,,,
18/12/2019,During fire,Termeil Lake,1,0,36.29,8.09,2.3,3.93,1.95,30.09,1300,1400,11,21,1,36,1
18/12/2019,During fire,Termeil Lake,2,0,35.03,8.89,4.46,7.86,2.05,30.43,,,,,,,
22/01/2020,During fire,Termeil Lake,1,133.03,41.74,8.16,3.96,6.14,3.18,32.45,1500,1500,13,24,2,63,1
22/01/2020,During fire,Termeil Lake,2,135.12,41.62,8.05,3.23,5.22,1.86,32.43,,,,,,,
17/02/2020,Post-fire,Termeil Lake,1,122.4,5.06,7.94,24.6,0,3.03,0,1400,1900,14,74,370,82,3
17/02/2020,Post-fire,Termeil Lake,2,117.6,5.21,7.81,33.6,0,3,0,,,,,,,
2/03/2020,Post-fire,Termeil Lake,1,128.83,8.48,8.19,21.87,53.34,2.15,50.06,1400,1800,18,61,59,140,2
2/03/2020,Post-fire,Termeil Lake,2,135.27,8.36,8.16,14.64,35.77,2.25,52.2,,,,,,,
11/11/2020,Post-fire,Termeil Lake,1,97.68,14.03,7.89,6.8,10.96,2.86,29.27,675.9,1123.9,7.7,24.9,0.5,1.6,0.5
11/11/2020,Post-fire,Termeil Lake,2,97.23,14.82,7.98,5.79,9.57,2.29,29.62,,,,,,,
2/12/2020,Post-fire,Termeil Lake,1,91.14,16.79,8.19,3.55,6.23,1.04,28.82,,,,,,,
2/12/2020,Post-fire,Termeil Lake,2,73.36,16.82,8.04,3.15,5.56,1.03,28.5,,,,,,,
13/01/2021,Post-fire,Termeil Lake,1,151.73,18.25,9.04,1.55,3.08,0.1,21.01,212.3,728.3,1.1,5.3,0.5,0.5,0.5
13/01/2021,Post-fire,Termeil Lake,2,92.12,18.28,8.41,2.05,4.14,0.74,21.98,,,,,,,
3/02/2021,Post-fire,Termeil Lake,1,126.42,17.75,8.37,2.47,5.13,0.73,21.25,,,,,,,
3/02/2021,Post-fire,Termeil Lake,2,102.5,17.31,8.07,2.48,5.18,0.77,22.3,,,,,,,
23/02/2021,Post-fire,Termeil Lake,1,40.2,16.87,7.87,3.45,6.97,0.27,24.08,731.1,854.5,6.1,10.3,0.5,4.7,0.5
23/02/2021,Post-fire,Termeil Lake,2,59.75,16.81,7.82,3.71,7.89,0.99,24.54,,,,,,,
17/03/2021,Post-fire,Termeil Lake,1,80.53,18.37,7.87,2.16,4.66,0.46,22.38,,,,,,,
17/03/2021,Post-fire,Termeil Lake,2,87.34,18.11,7.92,2.36,5,1.09,22.61,,,,,,,
18/11/2014,Pre-fire,Tilba Tilba Lake,1,144.81,36.49,8.99,2.02,-0.52,4.58,5.82,273,370,31.9,53.3,18.88,4.626,21.69
18/11/2014,Pre-fire,Tilba Tilba Lake,2,118.89,34.28,8.95,2.4,4.8,14.24,4.31,256,406,32.8,65.9,,6.395,22.92
17/12/2014,Pre-fire,Tilba Tilba Lake,1,78.67,16.08,8.31,9.06,13.56,60.19,23.82,723,1241,21.4,121.8,0.9873,105.3,7.087
17/12/2014,Pre-fire,Tilba Tilba Lake,2,87.6,26.78,8.63,2.16,0.37,12,15.02,,,,,,,
14/01/2015,Pre-fire,Tilba Tilba Lake,1,79.97,32.72,8.77,6.86,8.63,13.23,7.89,260,490,21.9,70.9,0.2485,2.3306,10.64
14/01/2015,Pre-fire,Tilba Tilba Lake,2,79.89,33.67,8.67,2.66,0.94,10.92,6.27,,,,,,,
4/02/2015,Pre-fire,Tilba Tilba Lake,1,86.73,36.76,7.92,8,10.28,39.61,3.36,194,558,21.3,90.5,3.179,1.9274,12.63
4/02/2015,Pre-fire,Tilba Tilba Lake,2,84.96,36.67,7.97,2.29,0.05,11.96,2.86,,,,,,,
26/02/2015,Pre-fire,Tilba Tilba Lake,1,89.32,37.2,7.92,5.18,3.99,9,7.15,301,452,24.7,54,0.5508,19.2,11.11
26/02/2015,Pre-fire,Tilba Tilba Lake,2,88.33,37.26,7.9,3.88,1.88,5.93,7.22,,,,,,,
19/03/2015,Pre-fire,Tilba Tilba Lake,1,78.43,40.23,8.03,4.83,3.65,8.68,7.6,331,474,23.7,48.9,0.2,1.152,11.79
19/03/2015,Pre-fire,Tilba Tilba Lake,2,74.79,40.23,7.99,3.63,2.22,9.64,7.76,,,,,,,
14/11/2018,Pre-fire,Tilba Tilba Lake,1,104.56,11.25,8.64,8.27,18.48,4.72,28.36,1361,1495,49.3,80.8,0.9,3.5,14.3
14/11/2018,Pre-fire,Tilba Tilba Lake,2,107.95,11.27,8.67,5.17,9.23,2.69,29.01,,,,,,,
4/12/2018,Pre-fire,Tilba Tilba Lake,1,89.89,9.46,8.33,6.77,10.72,5.57,32.95,1153,1300,61.5,96.2,2.8,6.5,39.3
4/12/2018,Pre-fire,Tilba Tilba Lake,2,99.02,9.41,8.47,4.2,6,1.22,33.81,,,,,,,
9/01/2019,Pre-fire,Tilba Tilba Lake,1,74.46,31.15,8.29,3.21,8,-,9.57,208.1,417.1,17.9,51.5,1,20.2,13.3
9/01/2019,Pre-fire,Tilba Tilba Lake,2,78.84,30.76,8.36,2.7,6.73,-,10.74,,,,,,,
31/01/2019,Pre-fire,Tilba Tilba Lake,1,89.37,34.12,8.38,2.07,2.91,2.64,8.88,305.1,387.4,33.6,48.5,1.9,12.6,14.1
31/01/2019,Pre-fire,Tilba Tilba Lake,2,102.97,35.44,8.15,0.37,0.56,0.59,0.4,,,,,,,
27/02/2019,Pre-fire,Tilba Tilba Lake,1,90.4,37.85,8.14,6.65,12.49,14.8,8.93,373.7,646.5,22.9,64.1,4.4,4.4,7.9
27/02/2019,Pre-fire,Tilba Tilba Lake,2,98.12,35.71,8.1,0.5,0.67,4.59,0.9,,,,,2.9,,
22/03/2019,Pre-fire,Tilba Tilba Lake,1,113.75,25.21,8.15,7.38,16.03,2.98,18.33,556.8,503.7,31.6,56.9,2,27.1,21.9
22/03/2019,Pre-fire,Tilba Tilba Lake,2,107.31,15.8,8.11,8.52,19.24,3.16,29.11,475.5,593.3,33.3,117.2,,13.3,23.2
19/11/2019,Pre-fire,Tilba Tilba Lake,1,104.06,50.79,8.45,4.7,9.09,6.29,14.28,640,790,39,77,1,23,12
19/11/2019,Pre-fire,Tilba Tilba Lake,2,94.51,50.73,8.38,4.36,8.55,7.03,14.13,,,,,,,
17/12/2019,Pre-fire,Tilba Tilba Lake,1,74.51,64.35,8.69,10.22,17.14,7.68,18.56,1000,1700,100,270,1,34,41
17/12/2019,Pre-fire,Tilba Tilba Lake,2,89.53,63.96,8.72,7.44,12.27,8.21,17.63,,,,,,,
21/01/2020,During fire,Tilba Tilba Lake,1,64.7,76.06,8.98,53.56,88.06,,23.49,2000,3300,280,560,1,0.5,0.5
21/01/2020,During fire,Tilba Tilba Lake,2,52.9,76.19,8.98,57.85,97.76,5.81,22.98,,,,,,,
18/02/2020,During fire,Tilba Tilba Lake,1,119.2,58.43,9.02,17.8,0,3.82,0,1700,2700,310,540,1,28,150
18/02/2020,During fire,Tilba Tilba Lake,2,133,58.66,9.1,13.1,0,4.14,0,,,,,,,
3/03/2020,During fire,Tilba Tilba Lake,1,66.95,68.06,8.9,15.93,28.29,3.91,22.78,1900,2700,200,340,0.5,55,49
3/03/2020,During fire,Tilba Tilba Lake,2,85.91,68.14,8.98,19.68,36.14,5.03,22.95,,,,,,,
19/11/2020,Post-fire,Tilba Tilba Lake,1,87.12,17.3,8.16,11.78,18.81,2.89,27.92,805.7,1384.4,68.4,110.9,0.5,0.5,13
19/11/2020,Post-fire,Tilba Tilba Lake,2,81.02,17.42,8.13,11.24,18.02,2.83,27.43,,,,,,,
9/12/2020,Post-fire,Tilba Tilba Lake,1,83.64,18.24,7.94,3.79,5.8,1.92,23.69,715.4,869.8,40.7,61.9,0.5,1.8,12
9/12/2020,Post-fire,Tilba Tilba Lake,2,78.16,18.29,7.86,4.6,7.15,1.75,23.42,,,,,,,
19/01/2021,Post-fire,Tilba Tilba Lake,1,102.01,34.59,7.95,13.69,26.37,31.3,6.07,501.8,633.6,37.9,104.2,0.5,1.3,0.8
19/01/2021,Post-fire,Tilba Tilba Lake,2,96.95,35.15,7.96,3.81,8.36,17.75,4.02,,,,,,,
5/02/2021,Post-fire,Tilba Tilba Lake,1,89.66,28.82,7.81,11.33,15.85,9.22,16.14,341.3,482.5,17.6,58.8,0.5,1.7,7.5
5/02/2021,Post-fire,Tilba Tilba Lake,2,100.39,29.55,7.92,12.43,19.4,19.54,12.15,,,,,,,
3/03/2021,Post-fire,Tilba Tilba Lake,1,128.9,36.28,8.02,9.29,16.87,9.06,6.77,250.5,434.8,7.4,55.9,0.5,0.5,0.5
3/03/2021,Post-fire,Tilba Tilba Lake,2,129.84,35.71,8.09,3.39,6.54,4.55,2.72,,,,,,,
18/03/2021,Post-fire,Tilba Tilba Lake,1,107.62,32.48,7.87,4.08,7.68,6.92,5.26,190.4,302.1,3.7,33.2,1,3.8,0.5
18/03/2021,Post-fire,Tilba Tilba Lake,2,111.91,32.8,7.88,7.35,13.42,8.89,5.59,,,,,,,
24/11/2021,Post-fire,Tilba Tilba Lake,1,93.3,11.83,7.76,5.42,9.76,2.31,29.21,570,660,16,35,1,3,4
24/11/2021,Post-fire,Tilba Tilba Lake,2,94.35,11.87,7.8,5.2,9.05,2.38,29.01,,,,,,,
8/12/2021,Post-fire,Tilba Tilba Lake,1,93.57,33.84,8.1,6.61,13.07,10.25,6.28,140,280,9,41,12,1,6
8/12/2021,Post-fire,Tilba Tilba Lake,2,104.96,35.01,8.11,1.52,3.59,3.58,1,,,,,,,
14/01/2022,Post-fire,Tilba Tilba Lake,1,84.71,18.97,7.9,5.37,12.07,10.39,27.51,830,1000,37,89,1,29,23
14/01/2022,Post-fire,Tilba Tilba Lake,2,92.4,17.05,8,5.24,10.96,6.93,25.61,,,,,,,
9/02/2022,Post-fire,Tilba Tilba Lake,1,88.87,33.23,8.03,2.34,3.95,9.14,6.5,230,380,19,47,,8,8
9/02/2022,Post-fire,Tilba Tilba Lake,2,97.01,33.45,8.08,1.21,2.17,7.45,3.97,,,,,,,
15/11/2022,Post-fire,Tilba Tilba Lake,1,92.13,34.13,7.94,2.48,2.98,8.59,7.59,,,,,,,
15/11/2022,Post-fire,Tilba Tilba Lake,2,144.52,35.18,8.23,0.61,0.32,0.72,2.7,,,,,,,
6/12/2022,Post-fire,Tilba Tilba Lake,1,81.06,35.28,8.01,2.41,3.39,7.4,7.24,,,,,,,
6/12/2022,Post-fire,Tilba Tilba Lake,2,104,35.37,7.94,0.44,0.17,0.64,0.37,,,,,,,
24/01/2023,Post-fire,Tilba Tilba Lake,1,126.86,38.89,8.45,3.64,4.97,6.46,8.73,,,,,,,
24/01/2023,Post-fire,Tilba Tilba Lake,2,135.93,38.93,8.5,3.37,4.67,6.78,8.25,,,,,,,
14/02/2023,Post-fire,Tilba Tilba Lake,1,91.08,27.82,8.41,9.41,11.57,4.77,19.61,,,,,,,
14/02/2023,Post-fire,Tilba Tilba Lake,2,89.46,27.84,8.41,8.16,9.83,4.21,19.46,,,,,,,
7/03/2023,Post-fire,Tilba Tilba Lake,1,130.53,29.18,8.44,4.78,7.15,5.19,15.68,,,,,,,
7/03/2023,Post-fire,Tilba Tilba Lake,2,107.61,29.26,8.31,7.37,12.67,13.12,15.14,,,,,,,
5/04/2023,Post-fire,Tilba Tilba Lake,1,114.69,30.81,8.6,3.24,4.46,3.02,14.91,,,,,,,
5/04/2023,Post-fire,Tilba Tilba Lake,2,122.23,30.78,8.63,4.1,5.96,3.7,14.95,,,,,,,
17/11/2014,Pre-fire,Smiths Lake,1,95.22,24.57,,1.23,,3.14,,340,439,3.6,13.1,0.2057,8.494,1.567
17/11/2014,Pre-fire,Smiths Lake,2,95.43,24.64,,1.09,,3.06,,,,,,,,
17/11/2014,Pre-fire,Smiths Lake,1,93.35,25,,0.81,,1.85,,,,,,,,
17/12/2014,Pre-fire,Smiths Lake,2,97.13,25.45,,2.34,,4.88,,,,,,,,
17/12/2014,Pre-fire,Smiths Lake,1,97.68,25.47,,2.25,,4.43,,,,,,,,
17/12/2014,Pre-fire,Smiths Lake,2,92.16,25.38,,1.43,,2.12,,,,,,,,
13/01/2015,Pre-fire,Smiths Lake,1,98.35,25.59,,1.51,,2.57,,339,446,3.4,12.5,0.2651,4.524,2.066
13/01/2015,Pre-fire,Smiths Lake,2,99.82,25.57,,1.49,,2.78,,,,,,,,
13/01/2015,Pre-fire,Smiths Lake,1,94.34,25.75,,1.24,,1.82,,337,402,4.3,12.7,2.648,23.68,1.79
17/02/2015,Pre-fire,Smiths Lake,2,100.36,25.74,9.44,0.96,-3.53,1.81,3.7,,,,,,,
17/02/2015,Pre-fire,Smiths Lake,1,100.31,25.72,9.4,0.89,-3.77,2.01,3.64,,,,,,,
17/02/2015,Pre-fire,Smiths Lake,2,96.73,26,9.46,1.32,-2.53,1.53,4.05,,,,,,,
18/03/2015,Pre-fire,Smiths Lake,1,107.27,25.93,9.57,6.1,4.12,2.37,3.61,366,398,3.9,8.5,0.3132,4.95,1.01
18/03/2015,Pre-fire,Smiths Lake,2,107.04,25.96,9.54,6.39,4.68,2.25,3.56,,,,,,,
18/03/2015,Pre-fire,Smiths Lake,1,102.44,26.02,9.46,2.34,-2.54,1.67,3.68,,,,,,,
15/04/2015,Pre-fire,Smiths Lake,2,98.53,25.18,8.24,0.55,-1.88,1.74,3.22,331,382,2.6,6.3,2.38,13.37,0.4839
15/04/2015,Pre-fire,Smiths Lake,1,102.49,25.16,8.27,0.68,-1.68,1.45,3.17,,,,,,,
15/04/2015,Pre-fire,Smiths Lake,2,99.98,24.6,8.23,0.6,-2.4,0.95,3.46,321,358,3.3,9,6.548,34.27,0.3789
8/11/2016,Pre-fire,Smiths Lake,1,100.32,30.54,8.08,0.57,0.71,1.48,3.41,,,,,,,
8/11/2016,Pre-fire,Smiths Lake,2,108.71,30.85,8.06,0.79,1.21,1.18,3.9,,,,,,,
8/11/2016,Pre-fire,Smiths Lake,1,99.76,30.53,8.08,0.5,0.65,1.26,3.34,,,,,,,
14/12/2016,Pre-fire,Smiths Lake,2,109.52,31.91,8.11,0.87,1.46,1.49,4.34,,,,,,,
14/12/2016,Pre-fire,Smiths Lake,1,99.34,31.52,8.02,0.34,0.87,0.76,3.69,,,,,,,
14/12/2016,Pre-fire,Smiths Lake,2,97.51,31.49,8,0.4,0.88,1.16,3.65,241.9,305.5,2.223,7.799,1.392,24.67,4.787
11/01/2017,Pre-fire,Smiths Lake,1,99.19,31.93,8.08,5.44,5.39,2.31,3.95,,,,,,,
11/01/2017,Pre-fire,Smiths Lake,2,90.21,32.1,8.13,1.84,2.65,1.09,4.98,294.2,327.4,3.037,9.55,0.5,22.09,1.879
11/01/2017,Pre-fire,Smiths Lake,1,107.73,31.91,8.14,3.83,3.38,1.56,3.97,,,,,,,
1/02/2017,Pre-fire,Smiths Lake,2,93.17,32.67,7.99,2.82,5.04,3.74,4.42,313.5,351.1,4.194,13.16,1.076,172.6,3.231
1/02/2017,Pre-fire,Smiths Lake,1,88.29,32.97,7.96,3,5.84,1.78,5.3,,,,,,,
1/02/2017,Pre-fire,Smiths Lake,2,95.63,32.69,8.01,1.75,2.92,1.17,4.49,327.5,378.7,0.7136,7.47,11.35,30.65,1
22/02/2017,Pre-fire,Smiths Lake,1,115.32,32.84,8.07,1.14,2.27,2.43,5.41,,,,,,,
22/02/2017,Pre-fire,Smiths Lake,2,95.79,33.04,8.06,1.16,2.15,1.47,4.67,977.2,1030,6.784,12.29,40.7,384.7,1
22/02/2017,Pre-fire,Smiths Lake,1,99.2,32.81,8.06,1.36,2.46,2.31,4.47,,,,,,,
22/02/2017,Pre-fire,Smiths Lake,2,94.83,32.92,8.03,0.9,1.93,3.06,4.54,,,,,,,
29/03/2017,Pre-fire,Smiths Lake,1,101.74,27.79,7.93,1.96,3.97,0.62,9.88,,,,,,,
29/03/2017,Pre-fire,Smiths Lake,2,99.11,29.06,7.91,4.03,7.76,0.6,8.91,139.6,1623.5,8.795,26.24,12.75,810.6,2.123
29/03/2017,Pre-fire,Smiths Lake,1,96.54,28.74,7.9,2.35,5.03,0.43,9.16,,,,,,,
31/10/2018,Pre-fire,Smiths Lake,2,105.86,33.04,8.24,0.48,0.96,1.89,3.7,,,,,,,
31/10/2018,Pre-fire,Smiths Lake,1,100.97,33.03,8.16,0.52,0.8,0.92,3.27,,,,,,,
31/10/2018,Pre-fire,Smiths Lake,2,83.4,33.4,7.93,0.48,0.94,0.54,4.69,,,,,,,
11/12/2018,Pre-fire,Smiths Lake,1,97,33.6,8.21,0.8,,1.3,,,,,,,,
11/12/2018,Pre-fire,Smiths Lake,2,99,35.5,8.19,1.3,,2.1,,,,,,,,
11/12/2018,Pre-fire,Smiths Lake,1,89,33.7,8.21,0.6,,0.9,,,,,,,,
22/01/2019,Pre-fire,Smiths Lake,2,104.17,35.86,8.21,2.97,4.55,2.37,4.89,270.5,340.9,5.4,13.1,1.8,7.4,2
22/01/2019,Pre-fire,Smiths Lake,1,107.9,35.81,8.21,2.97,4.66,2.15,4.73,,,,,,,
22/01/2019,Pre-fire,Smiths Lake,2,100.3,35.73,8.18,2.51,6.72,3.48,6.1,,,,,,,
12/02/2019,Pre-fire,Smiths Lake,1,106.2,35.09,8.22,2.15,4.3,2.91,5.88,,,,,,,
12/02/2019,Pre-fire,Smiths Lake,2,105.46,35.31,8.17,3.48,5.94,3.13,5.49,,,,,,,
12/02/2019,Pre-fire,Smiths Lake,1,98.4,35.37,8.11,2.53,5.36,1.93,6.82,,,,,,,
5/03/2019,Pre-fire,Smiths Lake,2,121.33,36.66,8.23,2.24,6.44,3.1,5.5,388.7,577.7,11.9,33.8,0,3.4,2
5/03/2019,Pre-fire,Smiths Lake,1,114.97,36.53,8.15,2.95,7.73,5.11,5.26,,,,,,,
5/03/2019,Pre-fire,Smiths Lake,2,115.12,36.47,8.12,1.88,5.56,2.39,5.91,,,,,,,
3/04/2019,Pre-fire,Smiths Lake,1,119.1,35.04,8.1,5.74,8.02,1.45,5.9,270.5,331,4.6,10.1,0.3,6.8,1.5
3/04/2019,Pre-fire,Smiths Lake,2,118.05,34.7,8.07,5.23,7.9,2.49,6.07,,,,,,,
3/04/2019,Pre-fire,Smiths Lake,1,141.59,28.01,8.08,4.48,5.61,3.31,7.41,,,,,,,
5/11/2019,During fire,Smiths Lake,2,95.92,31.96,8.1,1.01,2.72,1.35,5.31,300,330,#VALUE!,6,1,4,1
5/11/2019,During fire,Smiths Lake,1,97.1,31.96,8.12,2.03,3.89,3.13,5.21,,,,,,,
5/11/2019,During fire,Smiths Lake,2,87.59,32.39,7.96,1.31,2.72,0.99,6.67,,,,,,,
11/12/2019,Post-fire,Smiths Lake,1,92.26,34.31,8.11,1.67,3.74,1.59,5.73,,,,,,,
11/12/2019,Post-fire,Smiths Lake,2,95.76,34.28,8.08,3.09,5.36,4.11,5.5,,,,,,,
11/12/2019,Post-fire,Smiths Lake,1,80.09,35.14,7.95,0.99,2.23,0.87,8.26,,,,,,,
9/01/2020,Post-fire,Smiths Lake,2,90.44,36.12,8.13,3.72,10.38,2.64,6.33,400,450,5,14,2,19,1
9/01/2020,Post-fire,Smiths Lake,1,99.49,36.11,8.14,4.39,9.38,2.64,6,,,,,,,
9/01/2020,Post-fire,Smiths Lake,2,55.14,36.85,7.98,4.74,8.07,1.01,8.95,,,,,,,
30/01/2020,Post-fire,Smiths Lake,1,93.76,35.82,8.03,9.03,18.4,4.04,6.39,360,420,6,14,1,3,0.5
30/01/2020,Post-fire,Smiths Lake,2,97.35,35.86,8.07,8.92,17.61,5.2,6.26,,,,,,,
30/01/2020,Post-fire,Smiths Lake,1,72.21,35.72,7.93,3.58,8.21,1.04,7.58,,,,,,,
26/02/2020,Post-fire,Smiths Lake,2,87.06,19.64,7.78,13.22,28.67,1.25,21.52,360,530,7,22,1,5,1
26/02/2020,Post-fire,Smiths Lake,1,94.72,19.8,7.92,12.58,26.35,0.88,21.28,,,,,,,
26/02/2020,Post-fire,Smiths Lake,2,78.91,20.28,7.64,7.61,16.68,0.77,20.32,,,,,,,
12/03/2020,Post-fire,Smiths Lake,1,97.08,21.81,7.86,9.04,19.07,1.3,17.51,380,520,6,17,1,5,1
12/03/2020,Post-fire,Smiths Lake,2,97.78,21.94,7.88,7.03,15.99,0.8,17.36,,,,,,,
12/03/2020,Post-fire,Smiths Lake,1,82.68,22.04,7.66,3.67,9.13,0.72,16.58,,,,,,,
4/11/2020,Post-fire,Smiths Lake,2,96.62,29.78,8.05,2.99,5.77,1.27,7.51,194.7,406.8,4.8,7.2,0.5,0.5,0.5
4/11/2020,Post-fire,Smiths Lake,1,98.95,29.42,8.09,3.62,6.59,1.19,7.45,,,,,,,
4/11/2020,Post-fire,Smiths Lake,2,94.59,29.99,8.08,1.38,3.04,1,7.29,,,,,,,
27/11/2020,Post-fire,Smiths Lake,1,98.97,31.88,8.02,1.16,2.61,1.47,4.61,,,,,,,
27/11/2020,Post-fire,Smiths Lake,2,101.97,31.99,8.06,0.9,1.87,0.81,4.28,,,,,,,
27/11/2020,Post-fire,Smiths Lake,1,109.92,32.75,8.13,0.59,1.39,0.81,3.77,,,,,,,
5/01/2021,Post-fire,Smiths Lake,2,103.3,31.22,8,2.1,3.6,1.1,5.8,295,631.8,1.4,18.8,0.5,1.6,0.5
5/01/2021,Post-fire,Smiths Lake,1,108.55,31.33,8.07,2.8,4.12,1.64,5.18,,,,,,,
5/01/2021,Post-fire,Smiths Lake,2,141.46,34.65,8.25,0.19,0.57,0.45,1.33,,,,,,,
27/01/2021,Post-fire,Smiths Lake,1,100.69,33.15,7.94,2.88,6.08,4.15,4.64,,,,,,,
27/01/2021,Post-fire,Smiths Lake,2,101.78,33.29,8.03,2.8,5.87,2.84,4.67,,,,,,,
27/01/2021,Post-fire,Smiths Lake,1,96.63,34.02,8.08,1.97,5.27,1.99,5.1,,,,,,,
16/02/2021,Post-fire,Smiths Lake,2,115.09,31.08,7.93,5.12,9.37,2.36,6.29,240,299.7,0.5,10.9,0.5,0.5,0.5
16/02/2021,Post-fire,Smiths Lake,1,114.65,31.24,7.95,4.75,10.11,3.01,6.67,,,,,,,
16/02/2021,Post-fire,Smiths Lake,2,115.37,30.82,7.97,1.45,4.55,2.39,7.45,,,,,,,
26/04/2021,Post-fire,Smiths Lake,1,97.4,25.71,7.95,5,12.1,1.24,13.77,,,,,,,
26/04/2021,Post-fire,Smiths Lake,2,102.28,25.38,8,5.84,13.66,1.09,15.31,,,,,,,
26/04/2021,Post-fire,Smiths Lake,1,105.34,25.21,8.04,6.15,12.24,0.81,16.78,,,,,,,
9/11/2021,Post-fire,Smiths Lake,2,96.31,27.02,7.9,1.19,3.46,1.07,7.65,180,230,2,6,1,2,1
9/11/2021,Post-fire,Smiths Lake,1,96.6,27.26,7.91,1.49,3.84,0.85,7.68,,,,,,,
9/11/2021,Post-fire,Smiths Lake,2,93.17,27.54,7.85,1.49,4.08,1.66,7.51,,,,,,,
14/12/2021,Post-fire,Smiths Lake,1,102.46,31.67,8.04,3.84,8.05,1.83,5.7,,,,,,,
14/12/2021,Post-fire,Smiths Lake,2,104.59,31.17,8.06,3.51,7.01,0.99,6.08,,,,,,,
14/12/2021,Post-fire,Smiths Lake,1,92.5,33.69,8.07,1.53,2.89,1.71,3.3,,,,,,,
18/01/2022,Post-fire,Smiths Lake,2,99.2,34.08,8.1,2.35,3.25,2.55,4.12,180,280,4,14,1,1,2
18/01/2022,Post-fire,Smiths Lake,1,100.98,34.11,8.14,1.34,1.98,1.32,3.7,,,,,,,
18/01/2022,Post-fire,Smiths Lake,2,108.93,35.06,8.17,0.96,2.29,0.98,1.61,,,,,,,
7/02/2022,Post-fire,Smiths Lake,1,101.56,33.92,8.17,2.36,4.66,2.71,,,,,,,,
7/02/2022,Post-fire,Smiths Lake,2,101.55,34.03,8.16,1.64,3.06,1.08,,,,,,,,
7/02/2022,Post-fire,Smiths Lake,1,101.9,34.79,8.17,0.83,2.2,2.33,,,,,,,,
11/04/2022,Post-fire,Smiths Lake,2,106.61,26.33,8.01,,,1.28,12.5,180,260,2,7,1,1,1
11/04/2022,Post-fire,Smiths Lake,1,107.18,26.23,8.01,,,1.27,12.33,,,,,,,
11/04/2022,Post-fire,Smiths Lake,2,100.47,27.22,7.95,,,2.68,11.04,,,,,,,
26/04/2022,Post-fire,Smiths Lake,1,102.29,26.04,8.06,6.48,14.16,1.35,11.88,,,,,,,
26/04/2022,Post-fire,Smiths Lake,2,103.49,26.05,8.05,5.87,12.68,0.98,11.5,,,,,,,
26/04/2022,Post-fire,Smiths Lake,1,89.45,27.85,7.91,3.09,7.5,2.4,10.38,,,,,,,
8/11/2022,Post-fire,Smiths Lake,2,100.28,29.84,8.02,0.85,1.28,1.33,5.57,,,,,,,
8/11/2022,Post-fire,Smiths Lake,1,98.4,29.99,7.95,0.86,1.46,1.33,5.62,,,,,,,
8/11/2022,Post-fire,Smiths Lake,2,100.92,34.11,8.1,0.31,0.25,0.71,1.31,,,,,,,
30/11/2022,Post-fire,Smiths Lake,1,97.23,33.15,7.82,0.78,1.29,1.25,3.8,,,,,,,
30/11/2022,Post-fire,Smiths Lake,2,98.47,33.23,7.81,0.82,1.23,0.89,3.65,,,,,,,
30/11/2022,Post-fire,Smiths Lake,1,98.57,33.68,7.79,0.68,0.93,1.16,3.14,,,,,,,
17/01/2023,Post-fire,Smiths Lake,2,104.38,34.97,8.18,5.1,7.62,5.03,4.15,,,,,,,
17/01/2023,Post-fire,Smiths Lake,1,106.14,35.08,8.22,2.47,3.11,2.69,3.8,,,,,,,
17/01/2023,Post-fire,Smiths Lake,2,101.9,35.12,8.16,2.78,4.37,5.08,4.63,,,,,,,
1/02/2023,Post-fire,Smiths Lake,1,97.46,34.65,8.05,3.64,5.31,4.23,4.63,,,,,,,
1/02/2023,Post-fire,Smiths Lake,2,97.65,34.5,8.05,3.95,5.95,4.08,5.08,,,,,,,
1/02/2023,Post-fire,Smiths Lake,1,104.86,35.1,8.07,1.66,2.6,3.16,2.59,,,,,,,
28/02/2023,Post-fire,Smiths Lake,2,105.2,34.82,8.23,4.82,6.17,2.43,4.38,,,,,,,
28/02/2023,Post-fire,Smiths Lake,1,106.7,34.77,8.22,3.57,4.33,1.88,4.32,,,,,,,
28/02/2023,Post-fire,Smiths Lake,2,101.47,34.54,8.06,1.92,2.08,2.39,4.25,,,,,,,
21/03/2023,Post-fire,Smiths Lake,1,95.21,34.4,8.12,5.57,7.79,3.82,5.35,,,,,,,
21/03/2023,Post-fire,Smiths Lake,2,96.63,34.39,8.1,4.85,6.6,2.49,5.23,,,,,,,
21/03/2023,Post-fire,Smiths Lake,1,95.11,34.47,8.03,5.54,8.25,2.62,5.99,,,,,,,
18/11/2014,Pre-fire,Wapengo Lake,1,93.17,35.94,8.54,1.32,-1.88,6.88,0.1,139,203,10.7,24.9,18.88,13.78,6.234
18/11/2014,Pre-fire,Wapengo Lake,2,90.11,35.88,8.55,0.8,-2.4,4.94,-0.09,,,,,,,
16/12/2014,Pre-fire,Wapengo Lake,1,110.41,29.56,8.85,19.8,29.94,11.74,6.73,200,347,7.5,35.5,0.9873,4.919,1.108
16/12/2014,Pre-fire,Wapengo Lake,2,108.33,28.67,8.84,13.63,19.2,10.49,7.82,,,,,,,
13/01/2015,Pre-fire,Wapengo Lake,1,104.06,33.72,8.76,2.07,-0.66,3.81,0.78,117,188,3.9,16.7,0.2485,1.131,0.7139
13/01/2015,Pre-fire,Wapengo Lake,2,103.51,33.8,8.77,1.82,-1.14,2.63,0.56,,,,,,,
3/02/2015,Pre-fire,Wapengo Lake,1,95.36,36,7.95,1.37,-1.76,4.11,0.35,120,168,7.7,17.3,3.179,0.387,2.294
3/02/2015,Pre-fire,Wapengo Lake,2,98.78,35.94,8.04,0.36,-2.9,2.39,-0.67,,,,,,,
25/02/2015,Pre-fire,Wapengo Lake,1,96.95,35.57,8.14,2.73,-0.18,3.61,-0.64,107,160,8.8,19.3,0.5508,4.781,4.603
25/02/2015,Pre-fire,Wapengo Lake,2,95.05,35.54,8.14,1.81,-1.22,2.28,-0.49,,,,,,,
18/03/2015,Pre-fire,Wapengo Lake,1,95.4,36.51,8.15,2.7,0.93,9.55,-0.2,122,203,9.5,25.9,0.2,2.2556,4.308
18/03/2015,Pre-fire,Wapengo Lake,2,94.88,36.28,8.17,1.4,-1.18,5.24,-0.72,,,,,,,
14/11/2018,Pre-fire,Wapengo Lake,1,93.15,34.93,8.2,3.61,6.04,2.57,0.91,158.4,180.3,9,14.1,0.9,2.4,3.4
14/11/2018,Pre-fire,Wapengo Lake,2,94.84,34.74,8.2,3.63,6.7,2.47,0.87,,,,,,,
4/12/2018,Pre-fire,Wapengo Lake,1,101.19,35.8,8.15,1.5,1.6,6.11,1.54,129.9,243.1,4.7,12.8,2.8,5.5,2.6
4/12/2018,Pre-fire,Wapengo Lake,2,101.57,35.78,8.16,0.51,0.48,2.59,1.04,,,,,,,
9/01/2019,Pre-fire,Wapengo Lake,1,88.62,34.35,8.15,3.11,7.72,,1.23,105.4,198.9,6.6,13.9,1,5.5,3.2
9/01/2019,Pre-fire,Wapengo Lake,2,81.2,34.91,8.09,3.83,8.69,,1.54,,,,,,,
31/01/2019,Pre-fire,Wapengo Lake,1,108.84,35.13,8.1,1.72,3.02,2.51,1.74,130.2,211.4,8.8,21.4,1.9,9.3,3.7
31/01/2019,Pre-fire,Wapengo Lake,2,109.99,35.1,8.1,1.11,1.86,1.76,1.68,,,,,,,
26/02/2019,Pre-fire,Wapengo Lake,1,114.93,35.87,8.12,1.33,2.06,5.55,1.22,161,213.3,10.2,23.9,4.4,5.2,5.1
26/02/2019,Pre-fire,Wapengo Lake,2,110.51,35.99,8.09,0.77,1.35,3.23,1.43,,,,,2.9,,
21/03/2019,Pre-fire,Wapengo Lake,1,106.39,33.82,8.02,1.18,3.29,1.44,1.73,143.2,215.3,13.3,13.7,2,7,1.7
21/03/2019,Pre-fire,Wapengo Lake,2,106.39,33,7.98,2.25,5.21,1.68,2.39,,,,,,,
19/11/2019,Pre-fire,Wapengo Lake,1,102.8,35.78,8.06,1.42,3.09,5.86,1.41,100,140,6,19,1,2,2
19/11/2019,Pre-fire,Wapengo Lake,2,98.3,35.84,8.03,0.93,1.82,2.38,1.63,,,,,,,
16/12/2019,Pre-fire,Wapengo Lake,1,99.18,36.03,8.05,3.19,3.88,4.38,1.62,100,160,6,20,1,3,2
16/12/2019,Pre-fire,Wapengo Lake,2,0,35.39,8.18,0.21,0.34,1.71,0.39,,,,,,,
21/01/2020,During fire,Wapengo Lake,1,99.8,35.07,8.03,2.13,2.99,5.97,2.15,100,190,8,26,1,2,0.5
21/01/2020,During fire,Wapengo Lake,2,97.76,35.02,8.01,1.46,1.85,1.56,1.29,,,,,,,
18/02/2020,During fire,Wapengo Lake,1,102.99,33.53,7.96,6.03,12.18,1.87,2.75,150,260,10,27,1,4,4
18/02/2020,During fire,Wapengo Lake,2,113.7,33.07,8.07,8.44,15.42,2.38,3.23,,,,,,,
3/03/2020,During fire,Wapengo Lake,1,96.42,35.4,7.94,4.31,7.58,4.03,2.11,100,150,7,18,0.5,3,4
3/03/2020,During fire,Wapengo Lake,2,96.01,35.32,7.99,2.51,5.22,1.99,1.67,,,,,,,
18/11/2020,Post-fire,Wapengo Lake,1,99.87,34.6,8.05,1.74,3.02,1.67,2.48,107.8,218.9,11.4,17.4,0.5,5.6,2.2
18/11/2020,Post-fire,Wapengo Lake,2,92.75,34.22,8,1.17,2.28,2.12,3.28,,,,,,,
8/12/2020,Post-fire,Wapengo Lake,1,101.29,35.11,8.05,3.52,4.41,4,2.15,130.1,162.5,8.3,9,0.5,0.5,0.5
8/12/2020,Post-fire,Wapengo Lake,2,104.86,35.34,8.1,2.58,3.31,2.74,1.48,,,,,,,
14/01/2021,Post-fire,Wapengo Lake,1,99.51,34.82,8.04,2.17,3.79,4.1,1.58,170.4,182.2,10.6,18.8,0.5,0.5,0.5
14/01/2021,Post-fire,Wapengo Lake,2,99.59,34.85,8,0.73,1.69,2.32,1.29,,,,,,,
6/02/2021,Post-fire,Wapengo Lake,1,93.2,33.1,7.89,3.21,5.6,4.45,3.9,218.5,242.1,11.6,25.6,0.5,9.2,8.5
6/02/2021,Post-fire,Wapengo Lake,2,103.22,33.08,7.97,3.57,6.01,2.26,3.34,,,,,,,
3/03/2021,Post-fire,Wapengo Lake,1,107.7,35.57,8.04,5.83,7.24,5.23,2.05,137.9,218.1,2.9,20.1,0.5,0.5,0.5
3/03/2021,Post-fire,Wapengo Lake,2,118.08,35.36,8.12,0.89,1.61,1.28,0.63,,,,,,,
18/03/2021,Post-fire,Wapengo Lake,1,119.71,34.82,8.04,9.98,11.02,4.77,1.88,145.6,211.5,2.2,24.8,1,0.5,0.5
18/03/2021,Post-fire,Wapengo Lake,2,125.03,34.9,8.05,10.31,11.3,2.66,1.48,,,,,,,
24/11/2021,Post-fire,Wapengo Lake,1,102.57,34.19,8.03,2.75,3.74,4.19,1.87,80,120,4,13,1,2,3
24/11/2021,Post-fire,Wapengo Lake,2,100.72,33.65,7.99,1.53,2.19,1.89,2.47,,,,,,,
8/12/2021,Post-fire,Wapengo Lake,1,99.26,34.33,8.05,2.89,4.79,3.85,2.18,100,170,5,16,12,1,3
8/12/2021,Post-fire,Wapengo Lake,2,99.83,34.51,8.05,2.23,3.61,2.38,1.99,,,,,,,
13/01/2022,Post-fire,Wapengo Lake,1,79.42,17.9,7.75,6.87,13.22,4.65,31.64,480,560,10,23,1,71,5
13/01/2022,Post-fire,Wapengo Lake,2,82.45,17.38,7.76,7.27,14.29,3.97,32.22,,,,,,,
8/02/2022,Post-fire,Wapengo Lake,1,92.47,33.2,7.96,3.1,4.34,3.4,2.72,140,200,6,15,,7,3
8/02/2022,Post-fire,Wapengo Lake,2,95.69,32.9,7.99,1.9,2.45,2.7,3.16,,,,,,,
15/11/2022,Post-fire,Wapengo Lake,1,110.35,33.87,7.86,14.19,22.42,6.21,3.06,,,,,,,
15/11/2022,Post-fire,Wapengo Lake,2,110.09,34.08,7.86,13.62,21.86,4.6,2.89,,,,,,,
6/12/2022,Post-fire,Wapengo Lake,1,92.13,35.34,7.81,3,3.77,7.14,2.07,,,,,,,
6/12/2022,Post-fire,Wapengo Lake,2,91.43,35.26,7.83,0.99,0.84,3.34,1.24,,,,,,,
24/01/2023,Post-fire,Wapengo Lake,1,94.05,35.54,8.02,1.14,1.22,3.92,1.38,,,,,,,
24/01/2023,Post-fire,Wapengo Lake,2,100.42,35.5,8.04,0.68,0.35,1.97,1.07,,,,,,,
14/02/2023,Post-fire,Wapengo Lake,1,95.02,22.64,7.82,4.96,6.55,2.9,19.24,,,,,,,
14/02/2023,Post-fire,Wapengo Lake,2,109.27,29.28,8.09,2.6,2.98,1.89,10.72,,,,,,,
7/03/2023,Post-fire,Wapengo Lake,1,108.53,35.42,8.04,3.81,4.95,5.86,0.57,,,,,,,
7/03/2023,Post-fire,Wapengo Lake,2,102.34,35.22,7.96,4.98,6.54,3.26,1.65,,,,,,,
5/04/2023,Post-fire,Wapengo Lake,1,91.72,35.31,8.13,6.06,7.72,5.32,1.81,,,,,,,
5/04/2023,Post-fire,Wapengo Lake,2,95.19,35.52,8.22,1.43,1.17,2.06,0.33,,,,,,,
26/10/2017,Pre-fire,Wallaga Lake,3,102.4017391,27.2,8.1,7.77373913,9.729478261,1.139217391,8.985478261,,,,,,,
26/10/2017,Pre-fire,Wallaga Lake,2,102.4971631,27.15978723,8.077021277,11.35907801,14.92347518,1.380851064,9.534609929,,,,,,,
26/10/2017,Pre-fire,Wallaga Lake,1,98.712,27.2299,8.08,9.6185,11.6312,1.8303,9.2254,,,,,,,
20/11/2017,Pre-fire,Wallaga Lake,3,127.5194757,26.26988764,8.366516854,14.32048689,16.31014981,3.070486891,9.135730337,,,,,,,
20/11/2017,Pre-fire,Wallaga Lake,2,134.8184783,26.16076087,8.42,16.72054348,20.12945652,3.489673913,9.72173913,,,,,,,
20/11/2017,Pre-fire,Wallaga Lake,1,126.4607527,26.05,8.37,21.06951613,22.84172043,5.121666667,10.09204301,296.9,564.4,14.4,72.54,0,3,2
11/12/2017,Pre-fire,Wallaga Lake,3,120.5542308,23.76742308,8.279115385,15.23542308,23.13934615,2.269423077,14.00819231,,,,,,,
11/12/2017,Pre-fire,Wallaga Lake,2,125.6247423,23.39,8.304329897,16.36010309,25.61360825,2.222783505,14.32216495,,,,,,,
11/12/2017,Pre-fire,Wallaga Lake,1,111.0291339,23.07574803,8.20488189,14.82385827,20.71535433,4.11023622,15.41440945,,,,,,,
18/01/2018,Pre-fire,Wallaga Lake,3,102.2902439,32.83914634,8.09304878,1.971219512,2.448902439,0.925731707,3.345731707,,,,,,,
18/01/2018,Pre-fire,Wallaga Lake,2,91.93521127,32.37549296,8,2.703521127,3.841971831,1.614225352,4.688309859,,,,,,,
18/01/2018,Pre-fire,Wallaga Lake,1,96.09480519,33.10207792,8.022337662,3.523246753,5.032207792,2.708961039,3.324935065,,,,,,,
12/02/2018,Pre-fire,Wallaga Lake,3,102.0267516,34.06350318,8.015414013,5.638280255,9.789426752,0.97910828,3.032292994,,,,,,,
12/02/2018,Pre-fire,Wallaga Lake,2,100.1882353,34.03123529,8.069705882,6.693705882,12.12347059,1.314235294,3.243705882,,,,,,,
12/02/2018,Pre-fire,Wallaga Lake,1,99.42941176,34.16176471,8.06,10.46252101,19.95302521,6.944201681,4.057731092,,,,,,,
6/03/2018,Pre-fire,Wallaga Lake,3,105.5717949,33.80166667,8.095384615,4.053076923,6.874487179,0.797435897,3.385512821,,,,,,,
6/03/2018,Pre-fire,Wallaga Lake,2,103.020202,33.5820202,8.08,6.062626263,10.63676768,1.136969697,3.835959596,,,,,,,
6/03/2018,Pre-fire,Wallaga Lake,1,97.14509804,33.8,8.05,9.178235294,15.53039216,3.258333333,4.072843137,176.3,894.9,12.99,31.6,-0.1454,3.558,4.774
18/11/2020,Post-fire,Wallaga Lake,1,132.7937198,27.3621256,8.481111111,6.34468599,10.32043478,2.082173913,8.740096618,211.3256386,415.3580352,7.174801767,25.79705967,0.5,0.5,0.5
18/11/2020,Post-fire,Wallaga Lake,2,136.606422,27.24683486,8.438761468,5.488715596,9.347981651,1.513577982,7.94266055,,,,,,,
18/11/2020,Post-fire,Wallaga Lake,3,136.5278049,30.66468293,8.34195122,4.859902439,8.465317073,1.268243902,5.914439024,,,,,,,
9/12/2020,Post-fire,Wallaga Lake,1,94.28352273,33.21210227,8.082840909,7.265909091,9.593238636,1.829488636,4.098977273,,,,,,,
9/12/2020,Post-fire,Wallaga Lake,2,94.11118421,32.67085526,8.052171053,6.547434211,8.951513158,1.796315789,4.505921053,,,,,,,
9/12/2020,Post-fire,Wallaga Lake,3,100.0102941,33.20735294,8.056691176,5.448235294,6.852720588,1.420073529,3.710735294,,,,,,,
19/01/2021,Post-fire,Wallaga Lake,1,103.3564738,31.48206612,8.129614325,4.085068871,6.037988981,1.525922865,5.283911846,199.8684546,298.1925469,12.68965896,31.99481118,0.5,2.763,8.121
19/01/2021,Post-fire,Wallaga Lake,2,108.0166667,30.79285088,8.203245614,4.241973684,6.174473684,1.165438596,5.359210526,,,,,,,
19/01/2021,Post-fire,Wallaga Lake,3,106.9119048,31.28547619,8.21,4.592095238,6.666380952,1.059047619,5.082571429,,,,,,,
5/02/2021,Post-fire,Wallaga Lake,1,114.992638,29.76030675,8.14,13.84607362,17.12785276,2.653803681,7.157177914,,,,,,,
5/02/2021,Post-fire,Wallaga Lake,2,133.03625,30.1021875,8.1995625,16.5629375,20.394125,1.56475,6.211625,,,,,,,
5/02/2021,Post-fire,Wallaga Lake,3,114.2661017,30.62161017,8.129915254,10.16745763,12.69423729,1.418728814,5.934152542,,,,,,,
3/03/2021,Post-fire,Wallaga Lake,1,114.3572464,32.39,8.1,2.061376812,4.037173913,0.905942029,4.022753623,190.3583489,258.7307461,20.7623039,34.61173993,1.243,3.385,13
3/03/2021,Post-fire,Wallaga Lake,2,116.5016807,31.99436975,8.104117647,3.404705882,6.001008403,1.057478992,4.614369748,,,,,,,
3/03/2021,Post-fire,Wallaga Lake,3,115.3198582,32.33120567,8.12,2.384184397,4.233262411,0.870141844,4.115602837,,,,,,,
18/03/2021,Post-fire,Wallaga Lake,1,111.4116959,32.07023392,8,5.508479532,10.90853801,2.727192982,4.501695906,,,,,,,
18/03/2021,Post-fire,Wallaga Lake,2,121.1173684,32.07931579,8.076052632,5.652263158,10.15478947,0.899315789,4.042052632,,,,,,,
18/03/2021,Post-fire,Wallaga Lake,3,107.8158228,32.4256962,8.02,8.061835443,16.29094937,0.958670886,4.034240506,,,,,,,
24/11/2021,Post-fire,Wallaga Lake,1,107.9586047,22.48027907,8.368511628,1.996976744,4.263023256,1.354976744,11.00865116,250,330,6,18,1,3,1
24/11/2021,Post-fire,Wallaga Lake,2,110.1822917,22.49885417,8.3603125,2.115416667,4.965208333,0.828020833,10.03135417,,,,,,,
24/11/2021,Post-fire,Wallaga Lake,3,108.2140426,22.88804255,8.358425532,1.822638298,4.226765957,0.881234043,10.51046809,,,,,,,
15/12/2021,Post-fire,Wallaga Lake,1,144.8178082,7.96260274,8.657534247,38.10452055,70.61465753,5.53260274,33.50410959,,,,,,,
15/12/2021,Post-fire,Wallaga Lake,2,152.1782609,7.108913043,8.660434783,30.33891304,56.42717391,7.256304348,31.48108696,,,,,,,
15/12/2021,Post-fire,Wallaga Lake,3,143.9808511,9.218510638,8.596170213,27.64148936,52.41319149,5.09893617,30.38617021,,,,,,,
13/01/2022,Post-fire,Wallaga Lake,1,95.11840491,2.780981595,7.50797546,10.77674847,21.9703681,26.54220859,44.32822086,660,900,29,79,56,30,18
13/01/2022,Post-fire,Wallaga Lake,2,114.2308176,9.548679245,8.234213836,17.08018868,32.31792453,7.468742138,33.20132075,,,,,,,
13/01/2022,Post-fire,Wallaga Lake,3,108.0818792,10.07939597,8.080738255,12.05315436,22.80986577,8.341610738,34.47637584,,,,,,,
9/02/2022,Post-fire,Wallaga Lake,1,108.1227778,25.36938889,8.1,1.744722222,2.500833333,0.740277778,10.06244444,,,,,,,
9/02/2022,Post-fire,Wallaga Lake,2,106.7100629,25.09138365,8.08,1.753773585,2.442641509,0.541572327,9.727861635,,,,,,,
9/02/2022,Post-fire,Wallaga Lake,3,104.5733333,24.93625641,8.08,1.478153846,2.079384615,0.617846154,10.0734359,,,,,,,
19/01/2021,Post-fire,Wallaga Lake,,104.9,33.7,8.2,2.5,,0.5,,-,190,-,20,0.5,25,30
22/02/2021,Post-fire,Wallaga Lake,,96,33.06,8.2,2.5,,0.83,,280,390,30,40,1,4,14
22/03/2021,Post-fire,Wallaga Lake,,95.6,19.04,8.105,2.5,,7.6,,720,920,40,70,270,46,21
19/04/2021,Post-fire,Wallaga Lake,,97.7,32.95,8.255,2.5,,0.5,,140,220,10,20,5,5,5
19/01/2021,Post-fire,Wallaga Lake,,109,33,8.3,2.5,,0.5,,,450,,20,0.5,20,50
22/02/2021,Post-fire,Wallaga Lake,,102,33,8.22,2.5,,0.94,,280,380,20,40,1,2,13
22/03/2021,Post-fire,Wallaga Lake,,98.2,17.5,8.04,2.5,,5.8,,900,1000,10,40,550,51,6
19/04/2021,Post-fire,Wallaga Lake,,103.1,32.85,8.275,2.5,,0.5,,160,250,10,10,6,7,2
19/01/2021,Post-fire,Wallaga Lake,,107.6,33.55,8.3,2.5,,0.5,,,,,,,,
22/02/2021,Post-fire,Wallaga Lake,,99.4,33.09,8.2,2.5,,0.68,,,,,,,,
22/03/2021,Post-fire,Wallaga Lake,,97.9,29.58,8.145,2.5,,1.4,,,,,,,,
19/04/2021,Post-fire,Wallaga Lake,,103.2,32.87,8.275,2.5,,0.5,,,,,,,,
10/05/2021,Post-fire,Wallaga Lake,,76.6,6.51,7.175,2.5,,17.4,,1200,1400,70,120,490,51,37
10/06/2021,Post-fire,Wallaga Lake,,99.9,31.65,8.115,2.5,,0.5,,170,220,0.5,10,3,7,3
22/07/2021,Post-fire,Wallaga Lake,,97.8,32.29,8.18,2.5,,0.5,,190,250,10,10,3,7,6
16/08/2021,Post-fire,Wallaga Lake,,87.1,33.21,8.089,2.5,,0.5,,260,310,10,20,3,24,5
22/09/2021,Post-fire,Wallaga Lake,,98,29.21,8.09,2.5,,0.4,,200,200,10,10,3,19,4
27/10/2021,Post-fire,Wallaga Lake,,116.1,25.44,8.31,1,,0.53,,320,390,10,20,2,10,3
17/11/2021,Post-fire,Wallaga Lake,,112.4,21.46,8.45,1,,1.83,,420,520,20,40,41,5,8
2/12/2021,Post-fire,Wallaga Lake,,113.3,15.94,8.49,1,,1.73,,420,530,20,40,8,6,6
17/01/2022,Post-fire,Wallaga Lake,,106.6,5.61,8.09,7.91,,8.6,,556,627,24,56,34,15,18
11/10/2022,Post-fire,Wallaga Lake,,99.4,4.71,7.51,2,,17.1,,498,404,23,24,217,44,11
11/07/2022,Post-fire,Wallaga Lake,,99.5,29.19,8.07,2.4,,0.5,,225,286,9,15,1,2.5,6
13/09/2022,Post-fire,Wallaga Lake,,98.4,28.93,8.11,0.5,,0.5,,280,324,2.5,9,4,2.5,0.5
14/06/2022,Post-fire,Wallaga Lake,,92.5,29.91,7.98,4.9,,0.6,,227,243,33,47,4,16,29
15/08/2022,Post-fire,Wallaga Lake,,102.5,29,8.16,0.5,,0.1,,133,144,6,14,7,2.5,0.5
16/02/2022,Post-fire,Wallaga Lake,,104,27.17,8.07,1.3,,0.6,,258,271,8,27,2,0.5,6
16/05/2022,Post-fire,Wallaga Lake,,99.8,17.37,8.15,3.7,,0.9,,294,312,5,20,1,8,2
27/03/2023,Post-fire,Wallaga Lake,,102.8,31.11,8.18,8,,2.2,,388,389,6,31,170,2.5,0.5
4/04/2022,Post-fire,Wallaga Lake,,111.3,28.99,7.66,8.5,,1.5,,298,317,40,61,6,2.5,41
5/12/2022,Post-fire,Wallaga Lake,,106.1,27.4,8.07,1,,1,,390,430,19,14,10,11,0.5
7/11/2022,Post-fire,Wallaga Lake,,123.6,12.85,8.63,16,,2.3,,347,468,5,21,1,7,0.5
7/02/2023,Post-fire,Wallaga Lake,,101.1,31.35,7.985,3,,0.4,,271,382,5,33,52,2.5,5
9/01/2023,Post-fire,Wallaga Lake,,103.4,30.85,8.01,2,,0.8,,288,315,13,21,2,17,3
10/05/2021,Post-fire,Wallaga Lake,,87,4.19,7.49,2.5,,17.14,,1100,1300,50,100,510,58,25
10/06/2021,Post-fire,Wallaga Lake,,96.9,31.85,8.1,2.5,,0.5,,170,220,0.5,10,6,9,3
22/07/2021,Post-fire,Wallaga Lake,,95,32.39,8.17,2.5,,0.5,,200,270,0.5,10,4,10,5
16/08/2021,Post-fire,Wallaga Lake,,86.4,33.22,8.15,2.5,,0.5,,190,210,10,10,2,8,4
22/09/2021,Post-fire,Wallaga Lake,,97.4,29.07,8.13,2.5,,0.46,,170,230,0.5,10,3,18,2
27/10/2021,Post-fire,Wallaga Lake,,121.4,25.57,8.38,3.2,,10.37,,270,350,10,20,3,6,4
17/11/2021,Post-fire,Wallaga Lake,,115,21.97,8.43,1,,1.83,,360,450,20,30,44,5,6
2/12/2021,Post-fire,Wallaga Lake,,115.4,16.05,8.53,1,,1.21,,470,620,20,20,9,8,5
17/01/2022,Post-fire,Wallaga Lake,,105.9,7.42,8.12,12,,4.6,,412,502,16,38,42,13,8
11/10/2022,Post-fire,Wallaga Lake,,104.5,5.2,7.6,2,,14.8,,477,415,9,27,261,31,5
11/07/2022,Post-fire,Wallaga Lake,,100.2,29.84,8.09,2.7,,0.3,,147,241,2.5,16,1,2.5,4
13/09/2022,Post-fire,Wallaga Lake,,100.7,29.09,8.09,2,,0.3,,323,431,2.5,21,5,2.5,0.5
14/06/2022,Post-fire,Wallaga Lake,,89.9,29.74,7.99,5.3,,0.65,,195,294,6,32,1,2.5,28
15/08/2022,Post-fire,Wallaga Lake,,102.5,29.25,8.16,1,,0.1,,231,223,6,20,6,2.5,0.5
16/02/2022,Post-fire,Wallaga Lake,,101.8,26.39,8.04,1,,0.6,,,,,,,,
16/05/2022,Post-fire,Wallaga Lake,,97.2,18.735,8.12,4.5,,0.6,,217,282,2.5,20,14,2.5,2
27/03/2023,Post-fire,Wallaga Lake,,108.6,31.26,8.2,5,,1,,275,377,2.5,81,90,2.5,0.5
4/04/2022,Post-fire,Wallaga Lake,,101.8,29.07,7.45,8,,1.2,,216,308,41,56,22,2.5,34
5/12/2022,Post-fire,Wallaga Lake,,105.4,27.28,8.05,1,,0.2,,414,438,13,11,14,45,0.5
7/11/2022,Post-fire,Wallaga Lake,,123.1,11.72,8.63,17,,2.2,,441,558,6,17,1,7,0.5
7/02/2023,Post-fire,Wallaga Lake,,102.4,31.42,8.01,3,,0.3,,235,336,10,20,34,2.5,3
9/01/2023,Post-fire,Wallaga Lake,,102.7,30.65,8.01,-,,0.6,,265,291,9,25,1,2.5,0.5
10/05/2021,Post-fire,Wallaga Lake,,85.7,6.57,7.52,2.5,,15.59,,,,,,,,
10/06/2021,Post-fire,Wallaga Lake,,101.5,31.89,8.155,2.5,,0.5,,,,,,,,
22/07/2021,Post-fire,Wallaga Lake,,98.5,32.29,8.2,2.5,,0.5,,,,,,,,
16/08/2021,Post-fire,Wallaga Lake,,87.1,33.25,8.156,2.5,,0.5,,,,,,,,
22/09/2021,Post-fire,Wallaga Lake,,99.3,29.15,8.14,2.5,,0.36,,,,,,,,
27/10/2021,Post-fire,Wallaga Lake,,123.2,25.88,8.39,1,,0.89,,,,,,,,
17/11/2021,Post-fire,Wallaga Lake,,112.2,21.92,8.39,1,,1.61,,,,,,,,
2/12/2021,Post-fire,Wallaga Lake,,109.8,15.72,8.55,2,,1.44,,,,,,,,
11/10/2022,Post-fire,Wallaga Lake,,105.7,6.01,7.72,2,,11.5,,,,,,,,
11/07/2022,Post-fire,Wallaga Lake,,101.6,29.7,8.1,2.4,,0.2,,,,,,,,
13/09/2022,Post-fire,Wallaga Lake,,99.5,29.12,8.05,1,,0.3,,,,,,,,
14/06/2022,Post-fire,Wallaga Lake,,94.5,29.74,8.05,3.3,,0.3,,,,,,,,
15/08/2022,Post-fire,Wallaga Lake,,101.1,29.13,8.13,0.5,,0,,,,,,,,
16/02/2022,Post-fire,Wallaga Lake,,104.1,27.68,8.05,1,,0,,102,162,5,21,7,6,5
16/05/2022,Post-fire,Wallaga Lake,,95.8,18.63,8.09,2.6,,0.5,,,,,,,,
17/01/2022,Post-fire,Wallaga Lake,,113.9,6.71,8.33,11.2,,4,,,,,,,,
27/03/2023,Post-fire,Wallaga Lake,,102.7,31.27,8.17,8,,1,,,,,,,,
4/04/2022,Post-fire,Wallaga Lake,,100.8,29.25,7.07,5.3,,0.7,,,,,,,,
5/12/2022,Post-fire,Wallaga Lake,,105,27.74,8.03,0.5,,0.3,,,,,,,,
7/11/2022,Post-fire,Wallaga Lake,,118.1,13.86,8.56,16,,1.4,,,,,,,,
7/02/2023,Post-fire,Wallaga Lake,,103.1,31.47,8.04,3,,0.3,,,,,,,,
9/01/2023,Post-fire,Wallaga Lake,,102,30.68,8,1,,0.6,,,,,,,,
24/10/2017,Pre-fire,Wonboyn Lake,1,89.96,30.74,7.78,0.62,2.44,0.62,4.79,,,,,,,
24/10/2017,Pre-fire,Wonboyn Lake,2,93.06,31.87,7.83,0.38,3.36,0.38,4.36,,,,,,,
24/10/2017,Pre-fire,Wonboyn Lake,3,106.34,33.64,8.06,0.77,2.68,0.77,2.94,,,,,,,
21/11/2017,Pre-fire,Wonboyn Lake,1,107.12,15.47,7.76,3.92,19.66,3.92,29.9,327.9,467.6,11.54,26.9,56,13,2
21/11/2017,Pre-fire,Wonboyn Lake,2,115.92,25.91,7.99,2.02,8.79,2.02,14.84,,,,,,,
21/11/2017,Pre-fire,Wonboyn Lake,3,124.21,24.49,8.19,1.62,11.6,1.62,15,,,,,,,
13/12/2017,Pre-fire,Wonboyn Lake,1,108.53,23.16,7.7,0.66,6.68,0.66,17.22,,,,,,,
13/12/2017,Pre-fire,Wonboyn Lake,2,110.33,24.67,7.77,0.45,7.96,0.45,15.73,,,,,,,
13/12/2017,Pre-fire,Wonboyn Lake,3,113.3,28.86,7.98,0.43,4.82,0.43,8.59,,,,,,,
17/01/2018,Pre-fire,Wonboyn Lake,1,88.94,30.24,7.71,0.52,3.93,0.52,8.21,186.3,246.1,5.8,13.99,0.4811,2.378,1.242
17/01/2018,Pre-fire,Wonboyn Lake,2,92.22,30.45,7.74,0.45,2.59,0.45,7.72,,,,,,,
17/01/2018,Pre-fire,Wonboyn Lake,3,101.83,32.78,7.97,0.61,1.91,0.61,4.4,,,,,,,
15/02/2018,Pre-fire,Wonboyn Lake,1,92.06,32.71,7.92,1.48,5.97,1.48,6.45,,,,,,,
15/02/2018,Pre-fire,Wonboyn Lake,2,98.84,33.14,8,1.53,4.08,1.53,5.82,,,,,,,
15/02/2018,Pre-fire,Wonboyn Lake,3,102.91,33.62,8.07,1.48,7.47,1.48,3.94,,,,,,,
7/03/2018,Pre-fire,Wonboyn Lake,1,98.34,33.02,7.93,0.65,5.36,0.65,6.1,,,,,,,
7/03/2018,Pre-fire,Wonboyn Lake,2,96.41,33.07,7.91,0.71,3.39,0.71,5.87,,,,,,,
7/03/2018,Pre-fire,Wonboyn Lake,3,99.89,34.06,8.03,0.8,4.51,0.8,4.31,,,,,,,
7/02/2022,Post-fire,Wonboyn Lake,1,110.35,16.86,7.91,2.11,7.82,2.11,26.12,260,350,6,12,4,3,1
7/02/2022,Post-fire,Wonboyn Lake,2,110.07,20.76,7.97,1.86,6.03,1.86,20.65,,,,,,,
7/02/2022,Post-fire,Wonboyn Lake,3,104.1,23.84,7.93,1.01,3.54,1.01,15.32,190,260,2,10,1,4,1
28/01/2021,Post-fire,Wonboyn Lake,WBN1,87,24.1,7.7,2.5,,0.5,,,410,,0.5,25,78,10
28/01/2021,Post-fire,Wonboyn Lake,WBN2,100,24.2,7.9,2.5,,0.5,,,,,,,,
28/01/2021,Post-fire,Wonboyn Lake,WBN3,99,29.2,8.1,2.5,,0.5,,,240,,0.5,25,18,80
28/01/2021,Post-fire,Wonboyn Lake,WBN4,93,31.8,8,2.5,,0.5,,,,,,,,
25/02/2021,Post-fire,Wonboyn Lake,WBN1,75,26.1,7.5,2.5,,0.2,,430,480,0.5,10,31,73,3
25/02/2021,Post-fire,Wonboyn Lake,WBN2,88,24.5,7.8,2.5,,3.2,,,,,,,,
25/02/2021,Post-fire,Wonboyn Lake,WBN3,101,27.5,8.1,2.5,,0.4,,,,,,,,
25/02/2021,Post-fire,Wonboyn Lake,WBN4,97,29.9,8.1,2.5,,0.7,,,,,,,,
25/03/2021,Post-fire,Wonboyn Lake,WBN1,88,0.1,6.6,2.5,,36.8,,930,1100,10,40,410,17,4
25/03/2021,Post-fire,Wonboyn Lake,WBN2,85,0.2,6.3,2.5,,46.4,,,,,,,,
25/03/2021,Post-fire,Wonboyn Lake,WBN3,82,0.3,6,2.5,,71.5,,,,,,,,
25/03/2021,Post-fire,Wonboyn Lake,WBN4,79,0.3,6,2.5,,67.8,,,,,,,,
21/04/2021,Post-fire,Wonboyn Lake,WBN1,72,22.2,7.6,2.5,,0.5,,410,480,10,10,78,120,2
21/04/2021,Post-fire,Wonboyn Lake,WBN2,82,19.8,7.7,2.5,,0.5,,,,,,,,
21/04/2021,Post-fire,Wonboyn Lake,WBN3,101,24.8,8.1,2.5,,0.5,,,,,,,,
21/04/2021,Post-fire,Wonboyn Lake,WBN4,106,26.5,8.2,2.5,,0.5,,,,,,,,
13/05/2021,Post-fire,Wonboyn Lake,WBN1,92,0.1,6.4,2.5,,45,,690,810,20,60,230,12,4
13/05/2021,Post-fire,Wonboyn Lake,WBN2,87,0.2,6,2.5,,48.9,,,,,,,,
13/05/2021,Post-fire,Wonboyn Lake,WBN3,92,0.4,6.1,2.5,,69.4,,,,,,,,
13/05/2021,Post-fire,Wonboyn Lake,WBN4,91,0.3,6.6,2.5,,53.4,,,,,,,,
13/05/2021,Post-fire,Wonboyn Lake,WBN-BRIDGE,,,,2.5,,,,710,830,20,60,230,14,4
7/06/2021,Post-fire,Wonboyn Lake,WBN 1,84,23.7,7.5,2.5,,0.5,,330,390,0.5,10,130,30,2
7/06/2021,Post-fire,Wonboyn Lake,WBN 2,92,24.1,7.6,12,,0.6,,,,,,,,
7/06/2021,Post-fire,Wonboyn Lake,WBN 3,101,25.5,7.9,2.5,,0.5,,,,,,,,
7/06/2021,Post-fire,Wonboyn Lake,WBN 4,98,23.4,7.9,2.5,,0.5,,,,,,,,
19/07/2021,Post-fire,Wonboyn Lake,WBN1,81,22.7,7.5,2.5,,0.5,,170,190,0.5,10,55,23,2
19/07/2021,Post-fire,Wonboyn Lake,WBN2,82,24.7,7.7,2.5,,0,,,,,,,,
19/07/2021,Post-fire,Wonboyn Lake,WBN3,80,26.6,8,2.5,,0,,,,,,,,
19/07/2021,Post-fire,Wonboyn Lake,WBN4,98,27,8,2.5,,0,,,,,,,,
18/08/2021,Post-fire,Wonboyn Lake,WBN 1,83,27.6,8,2.5,,0.2,,200,240,0.5,10,6,7,3
18/08/2021,Post-fire,Wonboyn Lake,WBN 2,74,27.5,7.9,2.5,,1.7,,,,,,,,
18/08/2021,Post-fire,Wonboyn Lake,WBN 3,80,29.7,8,2.5,,0.1,,,,,,,,
18/08/2021,Post-fire,Wonboyn Lake,WBN 4,78,30,8,2.5,,0,,,,,,,,
21/09/2021,Post-fire,Wonboyn Lake,WBN1,100,14.6,7.8,2.5,,0.9,,70,100,0.5,10,15,6,1
21/09/2021,Post-fire,Wonboyn Lake,WBN2,89,16.8,7.8,2.5,,0.7,,,,,,,,
21/09/2021,Post-fire,Wonboyn Lake,WBN3,91,21.9,8,5.8,,0.2,,,,,,,,
21/09/2021,Post-fire,Wonboyn Lake,WBN4,95,21.9,8.1,2.5,,0.4,,,,,,,,
25/10/2021,Post-fire,Wonboyn Lake,WBN1,94,2.1,7,1,,11.3,,280,320,10,10,44,24,2
25/10/2021,Post-fire,Wonboyn Lake,WBN2,95,4.1,7.1,1,,11.7,,,,,,,,
25/10/2021,Post-fire,Wonboyn Lake,WBN3,99,20.3,7.9,1,,1.8,,,,,,,,
25/10/2021,Post-fire,Wonboyn Lake,WBN4,97,18.3,7.9,1,,4.6,,,,,,,,
15/11/2021,Post-fire,Wonboyn Lake,WBN1,94,0.5,6.6,1,,31.9,,490,690,0.5,30,120,10,2
15/11/2021,Post-fire,Wonboyn Lake,WBN2,93,0.8,6.6,1,,34.7,,,,,,,,
15/11/2021,Post-fire,Wonboyn Lake,WBN3,90,5.7,7.3,1,,33.2,,,,,,,,
15/11/2021,Post-fire,Wonboyn Lake,WBN4,94,6.9,7.3,1,,31.4,,,,,,,,
1/12/2021,Post-fire,Wonboyn Lake,WBN1,70,17.4,7.5,1,,0.6,,270,340,0.5,20,60,16,2
1/12/2021,Post-fire,Wonboyn Lake,WBN2,104,18.5,7.9,1,,0.3,,,,,,,,
1/12/2021,Post-fire,Wonboyn Lake,WBN3,118,16.4,8.1,1,,0.5,,,,,,,,
1/12/2021,Post-fire,Wonboyn Lake,WBN4,98,26.8,8.2,1,,0.5,,,,,,,,
19/01/2022,Post-fire,Wonboyn Lake,WBN1_19/1/22,87,0.9,6.8,0.33,,8,,195,236,2.5,7,22,85,3
19/01/2022,Post-fire,Wonboyn Lake,WBN2_19/1/22,81,1.6,7,0.71,,7.9,,,,,,,,
19/01/2022,Post-fire,Wonboyn Lake,WBN3_19/1/22,86,13.1,7.7,1.47,,2.6,,232,282,2.5,12,26,41,3
19/01/2022,Post-fire,Wonboyn Lake,WBN4_19/1/22,105,33.4,8,0.54,,0.8,,,,,,,,
14/02/2022,Post-fire,Wonboyn Lake,WBN1_14/2/22,99,21.4,7.6,5.8,,1.8,,171,180,2.5,2.5,34,2.5,2
14/02/2022,Post-fire,Wonboyn Lake,WBN2_14/2/22,95,23.1,7.7,2.7,,0.9,,,,,,,,
14/02/2022,Post-fire,Wonboyn Lake,WBN3_14/2/22,100,25.3,7.9,0.5,,0.2,,140,131,2.5,2.5,16,6,5
14/02/2022,Post-fire,Wonboyn Lake,WBN4_14/2/22,98,33.6,8,0.8,,0.5,,,,,,,,
4/04/2022,Post-fire,Wonboyn Lake,WBNA_4/4/22,67,0.1,6.1,1.2,,61.3,,563,634,13,53,108,16,4
4/04/2022,Post-fire,Wonboyn Lake,WBNB_4/4/22,89,0.1,6.2,0.5,,84.5,,807,866,19,82,147,40,7
12/04/2022,Post-fire,Wonboyn Lake,WBN1_12/4/22,93,0.1,6.5,1.2,,28.1,,400,390,16,30,116,37,7
12/04/2022,Post-fire,Wonboyn Lake,WBN2_12/4/22,91,0.3,6.5,0.25,,27.8,,,,,,,,
12/04/2022,Post-fire,Wonboyn Lake,WBN3_12/4/22,93,1.2,6.8,0.25,,23.6,,,,,,,,
12/04/2022,Post-fire,Wonboyn Lake,WBN4_12/4/22,89,3.1,7,0.25,,20.8,,,,,,,,
17/05/2022,Post-fire,Wonboyn Lake,WBN1_17/5/22,39,19.4,7.3,3.1,,1.6,,152,161,2.5,2.5,36,15,1
17/05/2022,Post-fire,Wonboyn Lake,WBN2_17/5/22,54,21.4,7.4,4,,1.1,,,,,,,,
17/05/2022,Post-fire,Wonboyn Lake,WBN3_17/5/22,93,22.8,8,2.2,,0.6,,,,,,,,
17/05/2022,Post-fire,Wonboyn Lake,WBN4_17/5/22,93,26.9,8.1,2,,0.4,,,,,,,,
15/06/2022,Post-fire,Wonboyn Lake,WBN1_15/6/22,93,27.3,8,10,,1.5,,205,216,2.5,5,4,2.5,1
15/06/2022,Post-fire,Wonboyn Lake,WBN2_15/6/22,100,27.8,8.1,8.1,,1.2,,,,,,,,
15/06/2022,Post-fire,Wonboyn Lake,WBN3_15/6/22,99,27.9,8.1,3.8,,0.5,,,,,,,,
15/06/2022,Post-fire,Wonboyn Lake,WBN4_15/6/22,97,29,8.1,1.6,,0.5,,,,,,,,
12/07/2022,Post-fire,Wonboyn Lake,WBN1_12/7/22,83,27.1,7.9,2,,0.6,,264,296,2.5,2.5,28,12,0.5
12/07/2022,Post-fire,Wonboyn Lake,WBN2_12/7/22,92,27.7,8,0.5,,0.3,,,,,,,,
12/07/2022,Post-fire,Wonboyn Lake,WBN3_12/7/22,100,26.2,8.1,3,,0,,,,,,,,
12/07/2022,Post-fire,Wonboyn Lake,WBN4_12/7/22,97,26.9,8.1,0.5,,0.2,,,,,,,,
18/08/2022,Post-fire,Wonboyn Lake,WBN1_18/8/22,83,26,7.9,2,,0.3,,159,203,2.5,2.5,5,7,0.5
18/08/2022,Post-fire,Wonboyn Lake,WBN2_18/8/22,95,26.3,8,3,,0.9,,,,,,,,
18/08/2022,Post-fire,Wonboyn Lake,WBN3_18/8/22,100,27.6,8.1,2,,0.2,,,,,,,,
18/08/2022,Post-fire,Wonboyn Lake,WBN4_18/8/22,97,28.6,8,1,,0,,,,,,,,
14/09/2022,Post-fire,Wonboyn Lake,WBN1_14/9/22,90,23,7.8,2,,0.4,,140,166,2.5,2.5,10,2.5,0.5
14/09/2022,Post-fire,Wonboyn Lake,WBN2_14/9/22,94,26,7.9,2,,0.8,,,,,,,,
14/09/2022,Post-fire,Wonboyn Lake,WBN3_14/9/22,97,28.7,8,1,,0.2,,,,,,,,
14/09/2022,Post-fire,Wonboyn Lake,WBN4_14/9/22,101,30.7,8,0.5,,0.2,,,,,,,,
10/10/2022,Post-fire,Wonboyn Lake,WBN1_10/10/22,95,2,7,2,,6.6,,231,254,2.5,6,83,18,3
10/10/2022,Post-fire,Wonboyn Lake,WBN2_10/10/22,94,6.1,7.5,2,,4.4,,,,,,,,
10/10/2022,Post-fire,Wonboyn Lake,WBN3_10/10/22,100,14,7.9,2,,3.5,,,,,,,,
10/10/2022,Post-fire,Wonboyn Lake,WBN4_10/10/22,101,22,8.1,1,,1.8,,,,,,,,
8/11/2022,Post-fire,Wonboyn Lake,WBN1_8/11/22,68,15,7.2,4,,1.3,,260,266,2.5,9,55,60,3
8/11/2022,Post-fire,Wonboyn Lake,WBN2_8/11/22,98,14.2,7.7,2,,1,,,,,,,,
8/11/2022,Post-fire,Wonboyn Lake,WBN3_8/11/22,98,16.5,7.9,2,,0.5,,,,,,,,
8/11/2022,Post-fire,Wonboyn Lake,WBN4_8/11/22,105,34.3,8.1,1,,0.2,,,,,,,,
7/12/2022,Post-fire,Wonboyn Lake,WBN1_7/12/22,86,26,7.6,0.5,,0.5,,158,216,2.5,2.5,68,26,1
7/12/2022,Post-fire,Wonboyn Lake,WBN2_7/12/22,93,26.6,7.7,0.5,,0.7,,,,,,,,
7/12/2022,Post-fire,Wonboyn Lake,WBN3_7/12/22,101,28.9,7.9,0.5,,0.2,,,,,,,,
7/12/2022,Post-fire,Wonboyn Lake,WBN4_7/12/22,105,35.3,8.1,0.5,,0,,,,,,,,
11/01/2023,Post-fire,Wonboyn Lake,WBN1_11/1/23,68,25,7.4,1,,0.6,,270,251,2.5,2.5,44,29,0.5
11/01/2023,Post-fire,Wonboyn Lake,WBN2_11/1/23,94,25.8,7.8,2,,1,,,,,,,,
11/01/2023,Post-fire,Wonboyn Lake,WBN3_11/1/23,58,31.5,7.8,2,,2.1,,,,,,,,
11/01/2023,Post-fire,Wonboyn Lake,WBN4_7/12/23,88,31.8,8,0.5,,1,,,,,,,,
9/02/2023,Post-fire,Wonboyn Lake,WBN1_9/2/23,71,28,7.5,9,,0.8,,256,266,2.5,2.5,17,66,0.5
9/02/2023,Post-fire,Wonboyn Lake,WBN2_9/2/23,83,28.8,7.6,2,,0.8,,,,,,,,
9/02/2023,Post-fire,Wonboyn Lake,WBN3_9/2/23,96,30.2,7.9,0.5,,0.4,,,,,,,,
9/02/2023,Post-fire,Wonboyn Lake,WBN4_9/2/23,85,30.8,7.9,0.5,,0.4,,,,,,,,
29/03/2023,Post-fire,Wonboyn Lake,WBN1_29/3/23,57,30,7.6,4,,0.4,,423,447,2.5,2.5,102,37,2
29/03/2023,Post-fire,Wonboyn Lake,WBN2_29/3/23,81,29.1,7.7,4,,0.8,,,,,,,,
29/03/2023,Post-fire,Wonboyn Lake,WBN3_29/3/23,98,30.5,7.9,2,,0.1,,,,,,,,
29/03/2023,Post-fire,Wonboyn Lake,WBN4_29/3/22,87,31,7.9,2,,0.4,,,,,,,,